cluster_num,cluster_tag,type,slug,parent_pilier_slug,title,meta_title,meta_description,excerpt,tags,file,prompts_file,links_to_resolve,images_to_resolve
1,cluster-langage-chat,PILIER,langage-du-chat,,Le langage du chat : apprendre à décoder ses signaux,Le langage du chat : décoder ses signaux,"La queue, les oreilles, les yeux, la posture, la voix, le marquage : le guide complet pour lire votre chat, signal par signal.","Votre chat ne cesse jamais de communiquer. Voici comment lire chacun de ses signaux, les relier entre eux, et repérer ce qui doit vous alerter.","cluster-langage-chat, langage-du-chat, communication-feline",articles/cluster-1-langage-chat/langage-du-chat.html,PROMPTS-IMAGES_CH1_langage-chat.md,17,3
1,cluster-langage-chat,SAT03,clignement-lent-chat,langage-du-chat,Le clignement lent : le « baiser du chat »,Le clignement lent du chat expliqué,"Quand votre chat ferme lentement les yeux, il vous adresse un signal de confiance et d'apaisement. Ce qu'il signifie, pourquoi il fonctionne.",C'est l'un des rares signaux que vous pouvez offrir à votre chat autant que recevoir. Voici comment engager ce dialogue silencieux.,"cluster-langage-chat, clignement-lent-chat, apaisement-chat",articles/cluster-1-langage-chat/clignement-lent-chat.html,PROMPTS-IMAGES_CH1_langage-chat.md,4,2
1,cluster-langage-chat,SAT12,idees-recues-langage-chat,langage-du-chat,Idées reçues sur le langage du chat,Idées reçues sur le langage du chat,"« Il ronronne donc il est content », « il remue la queue comme un chien », « il boude » : les mythes les plus tenaces sur le chat, corrigés un à un.",Le chat ne pense ni comme nous ni comme un chien. Voici les idées reçues qui vous empêchent de le comprendre vraiment.,"cluster-langage-chat, idees-recues-chat, mythes-chat",articles/cluster-1-langage-chat/idees-recues-langage-chat.html,PROMPTS-IMAGES_CH1_langage-chat.md,10,2
1,cluster-langage-chat,SAT10,marquage-facial-frottements-chat,langage-du-chat,Pourquoi le chat se frotte : le marquage facial,Pourquoi le chat se frotte à vous,Se frotter la tête contre vos jambes ou l'angle d'un meuble n'est pas qu'une demande de caresses : c'est un dépôt d'odeur rassurant.,"Quand votre chat vous frotte la tête, il vous parle. Voici ce que ce geste familier signifie vraiment.","cluster-langage-chat, marquage-facial-chat, pheromones-chat",articles/cluster-1-langage-chat/marquage-facial-frottements-chat.html,PROMPTS-IMAGES_CH1_langage-chat.md,6,2
1,cluster-langage-chat,SAT05,miaulements-chat-comprendre,langage-du-chat,Comprendre les miaulements et les vocalises du chat,Comprendre les miaulements du chat,"Miaou, trille, roucoulement, feulement, gazouillis : à quoi sert chaque vocalise et à qui elle s'adresse. Le chat adulte miaule surtout pour nous.","Votre chat vous parle littéralement, et il a adapté ses vocalises à ce qui fonctionne avec vous. Voici comment décoder cette conversation.","cluster-langage-chat, miaulements-chat, vocalises-chat",articles/cluster-1-langage-chat/miaulements-chat-comprendre.html,PROMPTS-IMAGES_CH1_langage-chat.md,5,2
1,cluster-langage-chat,SAT11,observer-chat-carnet-signaux,langage-du-chat,Observer son chat : lire tous les signaux ensemble,Observer son chat : lire tous les signaux,"La vraie compétence n'est pas de lire un signal, mais de les combiner : queue, oreilles, yeux, posture et contexte.","Chaque chat a son vocabulaire propre. Voici comment apprendre le sien, patiemment, et repérer tôt ce qui ne va pas.","cluster-langage-chat, observer-son-chat, carnet-observation-chat",articles/cluster-1-langage-chat/observer-chat-carnet-signaux.html,PROMPTS-IMAGES_CH1_langage-chat.md,6,2
1,cluster-langage-chat,SAT02,oreilles-chat-emotions,langage-du-chat,Les oreilles du chat et ses émotions,Les oreilles du chat : lire ses émotions,"Oreilles vers l'avant, sur le côté, aplaties en avion : un véritable baromètre émotionnel. Comment lire les positions d'oreilles de votre chat.","Trente muscles, une précision remarquable : les oreilles de votre chat trahissent son émotion en direct. Voici comment les décoder.","cluster-langage-chat, oreilles-chat, emotions-chat",articles/cluster-1-langage-chat/oreilles-chat-emotions.html,PROMPTS-IMAGES_CH1_langage-chat.md,5,2
1,cluster-langage-chat,SAT08,postures-corps-chat,langage-du-chat,"La posture du corps du chat : dos rond, ventre offert, boule",Les postures du chat et leur signification,"Dos rond, corps en boule, chat figé, ventre offert : la posture d'ensemble résume l'état d'esprit d'un coup d'œil.","Le corps entier de votre chat se lit à distance, avant même les détails du visage. Voici ce que chaque posture exprime.","cluster-langage-chat, postures-chat, langage-corporel-chat",articles/cluster-1-langage-chat/postures-corps-chat.html,PROMPTS-IMAGES_CH1_langage-chat.md,7,2
1,cluster-langage-chat,SAT07,pupilles-yeux-chat,langage-du-chat,Les yeux et les pupilles du chat : décoder son regard,Les yeux et pupilles du chat : décoder,"Dilatation des pupilles, regard fixe ou détourné, paupières mi-closes : la lumière, l'émotion et l'intention se superposent.",Une pupille dilatée ne dit pas toujours la même chose. Voici comment lire le regard de votre chat sans vous tromper.,"cluster-langage-chat, pupilles-chat, regard-chat",articles/cluster-1-langage-chat/pupilles-yeux-chat.html,PROMPTS-IMAGES_CH1_langage-chat.md,6,2
1,cluster-langage-chat,SAT01,queue-chat-signification,langage-du-chat,La queue du chat : ce qu'elle raconte,La queue du chat et sa signification,"Queue dressée, en point d'interrogation, gonflée, qui frétille ou fouette l'air : ce que chaque position raconte de l'humeur de votre chat.","La queue est le signal le plus visible du chat, et souvent le plus mal interprété. Voici ce que chacune de ses positions veut dire.","cluster-langage-chat, queue-chat, signaux-chat",articles/cluster-1-langage-chat/queue-chat-signification.html,PROMPTS-IMAGES_CH1_langage-chat.md,4,2
1,cluster-langage-chat,SAT04,ronronnement-chat-signification,langage-du-chat,Pourquoi le chat ronronne (et ce que ça veut dire),Pourquoi le chat ronronne : la signification,"Le ronronnement n'est pas une preuve automatique de bonheur : il accompagne aussi le stress, la maladie et la douleur.",Un chat qui ronronne n'est pas toujours un chat heureux. Voici comment distinguer le ronronnement de bien-être de celui qui doit vous alerter.,"cluster-langage-chat, ronronnement-chat, voix-chat",articles/cluster-1-langage-chat/ronronnement-chat-signification.html,PROMPTS-IMAGES_CH1_langage-chat.md,6,2
1,cluster-langage-chat,SAT09,signes-agacement-inconfort-chat,langage-du-chat,Reconnaître les signes d'agacement et d'inconfort chez le chat,Les signes d'agacement chez le chat,Un chat ne griffe presque jamais sans prévenir : il envoie des signaux d'arrêt de plus en plus nets. Comment les repérer.,La caresse de trop se voit venir. Voici les avertissements que votre chat envoie avant d'en arriver à la griffe.,"cluster-langage-chat, agacement-chat, seuil-tolerance-chat",articles/cluster-1-langage-chat/signes-agacement-inconfort-chat.html,PROMPTS-IMAGES_CH1_langage-chat.md,8,2
1,cluster-langage-chat,SAT06,vibrisses-moustaches-chat,langage-du-chat,Les vibrisses du chat : à quoi servent ses moustaches,Les moustaches du chat : leur rôle,"Les vibrisses sont des organes sensoriels sophistiqués, pas un détail esthétique. Leur rôle dans l'orientation et la chasse, ce que leur position révèle.","Votre chat perçoit le monde autrement que vous, et ses moustaches y sont pour beaucoup. Voici à quoi elles servent vraiment.","cluster-langage-chat, vibrisses-chat, moustaches-chat",articles/cluster-1-langage-chat/vibrisses-moustaches-chat.html,PROMPTS-IMAGES_CH1_langage-chat.md,5,2
2,cluster-serenite-chat,PILIER,chat-serein-quotidien,,Le chat serein au quotidien : construire son équilibre,Le chat serein au quotidien : l'équilibre,"Sécurité, ressources réparties, jeu, présence prévisible, odeurs respectées : les cinq besoins de fond du chat, un par un.","La sérénité d'un chat ne se décrète pas, elle s'installe. Voici les cinq besoins qui la construisent, et par où commencer chez vous.","cluster-serenite-chat, chat-serein, bien-etre-chat",articles/cluster-2-serenite-chat/chat-serein-quotidien.html,PROMPTS-IMAGES_CH2_serenite-chat.md,20,3
2,cluster-serenite-chat,SAT08,environnement-apaisant-chat,chat-serein-quotidien,Créer un environnement apaisant pour son chat,Un environnement apaisant pour le chat,"Le son, les zones de repos, la lumière et surtout les odeurs : les réglages sensoriels d'une maison qui apaise un chat.","Votre chat n'habite pas la même maison que vous. Voici comment regarder votre intérieur avec ses sens, et corriger quelques habitudes.","cluster-serenite-chat, environnement-chat, odeurs-chat",articles/cluster-2-serenite-chat/environnement-apaisant-chat.html,PROMPTS-IMAGES_CH2_serenite-chat.md,6,2
2,cluster-serenite-chat,SAT12,idees-recues-bien-etre-chat,chat-serein-quotidien,Six idées reçues sur le bien-être du chat,Idées reçues sur le bien-être du chat,"Le chat solitaire, celui qui dort tout le temps, celui qui se calme seul, le diffuseur qui suffit, le deuxième chat qui tient compagnie : six croyances.",Le chat autonome qui n'a besoin de rien est un mythe coûteux. Voici six idées reçues remises à leur juste place.,"cluster-serenite-chat, idees-recues-chat, mythes-chat",articles/cluster-2-serenite-chat/idees-recues-bien-etre-chat.html,PROMPTS-IMAGES_CH2_serenite-chat.md,9,2
2,cluster-serenite-chat,SAT03,importance-jeu-chat,chat-serein-quotidien,Pourquoi le jeu est vital pour l'équilibre du chat,"Le jeu du chat : un besoin, pas un luxe","Jouer, pour un chat, c'est chasser : la séquence de prédation, pourquoi finir sur une capture, le bon rythme des séances.",Un chat qui ignore ses jouets n'est pas un chat qui n'aime pas jouer. Voici comment lui rendre ses minutes de chasse quotidiennes.,"cluster-serenite-chat, jeu-chat, chasse-chat",articles/cluster-2-serenite-chat/importance-jeu-chat.html,PROMPTS-IMAGES_CH2_serenite-chat.md,9,2
2,cluster-serenite-chat,SAT09,pheromones-chat-efficacite,chat-serein-quotidien,Les phéromones d'apaisement : que valent-elles vraiment,Phéromones pour chat : que valent-elles ?,"Une preuve faible et contrastée, des études souvent financées par les fabricants : ce que l'on sait des diffuseurs, pourquoi commencer par la cause.","Un diffuseur ne remplace pas un besoin couvert. Voici ce que dit vraiment la recherche sur les phéromones, et comment les envisager.","cluster-serenite-chat, pheromones-chat, diffuseur-chat",articles/cluster-2-serenite-chat/pheromones-chat-efficacite.html,PROMPTS-IMAGES_CH2_serenite-chat.md,4,2
2,cluster-serenite-chat,SAT10,plusieurs-chats-harmonie-quotidien,chat-serein-quotidien,"Plusieurs chats sous le même toit, sereinement",Plusieurs chats : vivre ensemble sereinement,"Ce n'est pas le nombre de chats qui crée la tension mais l'organisation : répartir les ressources, penser l'espace en hauteur, offrir des refuges individuels.",Trois chats dans un logement bien pensé vivent mieux que deux dans un logement mal pensé. Voici comment installer cette paix ordinaire.,"cluster-serenite-chat, plusieurs-chats, cohabitation-chats",articles/cluster-2-serenite-chat/plusieurs-chats-harmonie-quotidien.html,PROMPTS-IMAGES_CH2_serenite-chat.md,8,2
2,cluster-serenite-chat,SAT05,reduire-stress-ambiant-chat,chat-serein-quotidien,"Réduire le stress ambiant du chat, concrètement",Réduire le stress du chat à la maison,"Cinq leviers à passer en revue comme une liste de contrôle : prévisibilité, ressources réparties, refuges et hauteur, jeu, odeurs respectées.",Un chat tendu est presque toujours un chat dont un besoin n'est pas couvert. Voici la liste de contrôle pour trouver la case restée vide.,"cluster-serenite-chat, stress-chat, amenagement-maison-chat",articles/cluster-2-serenite-chat/reduire-stress-ambiant-chat.html,PROMPTS-IMAGES_CH2_serenite-chat.md,9,2
2,cluster-serenite-chat,SAT06,ressources-chat-regle-nplus1,chat-serein-quotidien,Les ressources du chat et la règle n+1,Ressources du chat : la règle n+1 expliquée,"Deux gamelles côte à côte ne comptent pas pour deux : pourquoi la répartition prime sur le nombre, ce que dit vraiment la règle n+1.","Ce n'est pas le nombre de gamelles qui compte, c'est leur emplacement. Voici comment répartir les ressources de votre chat.","cluster-serenite-chat, ressources-chat, regle-n-plus-1",articles/cluster-2-serenite-chat/ressources-chat-regle-nplus1.html,PROMPTS-IMAGES_CH2_serenite-chat.md,9,2
2,cluster-serenite-chat,SAT01,routine-chat-previsibilite,chat-serein-quotidien,La routine du chat : pourquoi la prévisibilité le rassure,Routine du chat : le besoin de repères,"Ce que l'imprévisible provoque chez un chat, quels rythmes stabiliser en priorité, et comment préserver ses repères pendant un déménagement ou un changement.","Votre chat tient à ses habitudes plus que vous ne le croyez. Voici quels repères stabiliser, et comment introduire du neuf sans l'inquiéter.","cluster-serenite-chat, routine-chat, previsibilite-chat",articles/cluster-2-serenite-chat/routine-chat-previsibilite.html,PROMPTS-IMAGES_CH2_serenite-chat.md,8,2
2,cluster-serenite-chat,SAT07,securite-refuges-chat,chat-serein-quotidien,"Le besoin de sécurité du chat : refuges, cachettes et hauteurs",Refuges du chat : cachettes et hauteurs,"Se cacher est un besoin normal, pas un signe de détresse : ce que montre la recherche sur la cachette, les familles de refuges, où les placer.","Votre chat se réfugie sous le lit ou en haut de l'armoire. Voici pourquoi c'est sain, et comment lui offrir de meilleurs refuges.","cluster-serenite-chat, refuges-chat, cachette-chat",articles/cluster-2-serenite-chat/securite-refuges-chat.html,PROMPTS-IMAGES_CH2_serenite-chat.md,8,2
2,cluster-serenite-chat,SAT11,signes-chat-bien-etre,chat-serein-quotidien,Reconnaître un chat épanoui : les signes du bien-être,Les signes d'un chat épanoui et serein,"Posture relâchée, sommeil profond à découvert, appétit régulier, jeu spontané, frottements, queue dressée.","Un chat qui va bien ne fait pas de bruit. Voici les signes discrets de son bien-être, et comment répondre à son clignement lent.","cluster-serenite-chat, chat-epanoui, clignement-lent",articles/cluster-2-serenite-chat/signes-chat-bien-etre.html,PROMPTS-IMAGES_CH2_serenite-chat.md,5,2
2,cluster-serenite-chat,SAT02,sommeil-chat,chat-serein-quotidien,"Le sommeil du chat, décrypté","Le sommeil du chat : combien, quand, comment","Un sommeil fractionné sur vingt-quatre heures, un rythme crépusculaire très adaptable : où le chat dort, pourquoi respecter son repos.","Votre chat dort le jour et s'active à l'aube. Voici comment fonctionne vraiment son sommeil, et ce qu'un changement de rythme signale.","cluster-serenite-chat, sommeil-chat, rythme-chat",articles/cluster-2-serenite-chat/sommeil-chat.html,PROMPTS-IMAGES_CH2_serenite-chat.md,7,2
2,cluster-serenite-chat,SAT04,stress-chat-signes-causes,chat-serein-quotidien,Reconnaître le stress chez le chat : signes et causes,Stress du chat : les signes et les causes,"Retrait, hypervigilance, toilettage excessif, malpropreté, appétit qui change : les signes discrets du stress chronique, leurs causes quotidiennes.","Un chat stressé ne crache pas, il s'efface. Voici les signaux discrets à repérer, leurs causes, et le réflexe qui doit primer sur tout.","cluster-serenite-chat, stress-chat, signes-stress-chat",articles/cluster-2-serenite-chat/stress-chat-signes-causes.html,PROMPTS-IMAGES_CH2_serenite-chat.md,8,2
6,cluster-litiere-chat,PILIER,litiere-proprete-chat,,La litière et la propreté du chat : le guide complet,Litière et propreté du chat : le guide,"Litière, bac, emplacement, entretien : les quatre réglages qui font la propreté d'un chat, le réflexe vétérinaire devant toute malpropreté.","Un chat qui fait à côté n'est jamais capricieux. Voici le système en quatre réglages qui fonde sa propreté, et par où commencer.","cluster-litiere-chat, litiere-chat, malproprete-chat",articles/cluster-6-litiere-chat/litiere-proprete-chat.html,PROMPTS-IMAGES_CH6_litiere-chat.md,21,3
6,cluster-litiere-chat,SAT06,chat-fait-hors-litiere,litiere-proprete-chat,Mon chat fait hors de sa litière : que faire,Mon chat fait hors de sa litière : que faire,"La démarche en trois temps : écarter d'abord une cause médicale, repérer les signes qui imposent une urgence, distinguer marquage et élimination.","Votre chat propre s'est mis à faire à côté. Voici la démarche ordonnée à suivre, en commençant toujours par la santé.","cluster-litiere-chat, malproprete-chat, chat-urine-hors-bac",articles/cluster-6-litiere-chat/chat-fait-hors-litiere.html,PROMPTS-IMAGES_CH6_litiere-chat.md,8,2
6,cluster-litiere-chat,SAT02,choisir-bac-litiere-chat,litiere-proprete-chat,Choisir le bac à litière de son chat,Choisir le bac à litière de son chat,"Taille, hauteur des bords, bac couvert ou ouvert, modèles autonettoyants, matière : les critères du chat pour un bac qu'il utilise sans réticence.",Un bac trop petit ou trop haut suffit à faire fuir un chat. Voici les critères qui comptent vraiment avant d'acheter.,"cluster-litiere-chat, bac-litiere-chat, equipement-chat",articles/cluster-6-litiere-chat/choisir-bac-litiere-chat.html,PROMPTS-IMAGES_CH6_litiere-chat.md,7,2
6,cluster-litiere-chat,SAT01,choisir-litiere-chat,litiere-proprete-chat,Quelle litière choisir pour son chat,Quelle litière choisir pour son chat,"Agglomérante, minérale, végétale, silice : ce que vaut chaque famille, le profil de substrat que la plupart des chats préfèrent.","La litière est vendue à votre nez, pas à celui de votre chat. Voici comment choisir un substrat qu'il acceptera durablement.","cluster-litiere-chat, litiere-chat, substrat-litiere",articles/cluster-6-litiere-chat/choisir-litiere-chat.html,PROMPTS-IMAGES_CH6_litiere-chat.md,5,2
6,cluster-litiere-chat,SAT04,combien-bacs-litiere-chat,litiere-proprete-chat,Combien de bacs à litière : la règle n+1,Combien de bacs à litière pour un chat,"Pourquoi prévoir deux bacs même pour un chat unique, comment se calcule la règle n+1 issue du consensus vétérinaire.","Deux bacs côte à côte n'en font qu'un aux yeux du chat. Voici combien de bacs prévoir, et surtout où les répartir.","cluster-litiere-chat, nombre-bacs-litiere, regle-n-plus-1",articles/cluster-6-litiere-chat/combien-bacs-litiere-chat.html,PROMPTS-IMAGES_CH6_litiere-chat.md,7,2
6,cluster-litiere-chat,SAT08,elimination-inappropriee-chat,litiere-proprete-chat,L'élimination inappropriée : aversion et préférence,L'élimination inappropriée chez le chat,"Le chat s'accroupit et dépose un volume normal hors du bac : reconnaître ce cas, écarter la cause médicale.","Votre chat semble avoir choisi de faire ailleurs. Voici les deux ressorts possibles, et les réglages à revoir pour l'y ramener.","cluster-litiere-chat, elimination-inappropriee, aversion-bac-litiere",articles/cluster-6-litiere-chat/elimination-inappropriee-chat.html,PROMPTS-IMAGES_CH6_litiere-chat.md,8,2
6,cluster-litiere-chat,SAT05,entretenir-litiere-chat,litiere-proprete-chat,Entretenir la litière de son chat,Comment entretenir la litière de son chat,"Retrait quotidien des amas, quantité de litière à maintenir, rythme de renouvellement et de lavage du bac.",Un bac négligé fait fuir un chat propre. Voici la routine d'entretien quotidienne et les erreurs qui découragent le vôtre.,"cluster-litiere-chat, entretien-litiere, hygiene-chat",articles/cluster-6-litiere-chat/entretenir-litiere-chat.html,PROMPTS-IMAGES_CH6_litiere-chat.md,6,2
6,cluster-litiere-chat,SAT12,idees-recues-litiere-chat,litiere-proprete-chat,Idées reçues et erreurs de litière,Litière du chat : les idées reçues,"Litière parfumée, bac couvert obligatoire, changement brutal de marque, chat qui se vengerait, punition : cinq croyances répandues confrontées à.",Ces conseils de litière semblent tomber sous le sens. Voici cinq idées reçues qui poussent à faire l'inverse de ce qui aide.,"cluster-litiere-chat, idees-recues-chat, erreurs-litiere",articles/cluster-6-litiere-chat/idees-recues-litiere-chat.html,PROMPTS-IMAGES_CH6_litiere-chat.md,9,2
6,cluster-litiere-chat,SAT11,litiere-chat-age-senior,litiere-proprete-chat,La litière du chat âgé,La litière du chat âgé : adapter le bac,"Souplesse qui diminue, arthrose souvent silencieuse : pourquoi un chat âgé se met à faire à côté, et comment adapter les bords du bac.","Un chat âgé ne devient pas malpropre par négligence. Voici l'obstacle qu'il rencontre, et comment lui simplifier l'accès.","cluster-litiere-chat, chat-senior, arthrose-chat",articles/cluster-6-litiere-chat/litiere-chat-age-senior.html,PROMPTS-IMAGES_CH6_litiere-chat.md,5,2
19,cluster-chaton-proprete-chat,SAT01,litiere-chaton-apprentissage,proprete-chaton,La litière du chaton : l'apprentissage,La litière du chaton : l'apprentissage,"L'apprentissage de la litière est surtout instinctif chez le chaton. Le bon bac, la bonne litière, le bon endroit, et comment accompagner sans forcer.","Votre chaton sait déjà presque tout faire. Voici comment lui faciliter l'accès à sa litière, sans jamais rien lui imposer.","cluster-chaton-proprete-chat, litiere-chaton, apprentissage-proprete",articles/cluster-19-chaton-proprete-chat/litiere-chaton-apprentissage.html,PROMPTS-IMAGES_CH19_chaton-proprete-chat.md,5,2
6,cluster-litiere-chat,SAT07,marquage-urinaire-chat,litiere-proprete-chat,Le marquage urinaire du chat,Le marquage urinaire du chat : le reconnaître,"Posture debout, queue vibrante, jet vertical : reconnaître un marquage, le distinguer d'une miction hors du bac et des marquages facial et par griffades.","Une trace sur un mur n'est pas de la malpropreté, c'est un message. Voici comment reconnaître le marquage urinaire et le lire.","cluster-litiere-chat, marquage-urinaire-chat, communication-feline",articles/cluster-6-litiere-chat/marquage-urinaire-chat.html,PROMPTS-IMAGES_CH6_litiere-chat.md,7,2
6,cluster-litiere-chat,SAT09,nettoyer-odeurs-urine-chat,litiere-proprete-chat,Nettoyer et neutraliser les odeurs d'urine de chat,Nettoyer les odeurs d'urine de chat,"Pourquoi l'urine de chat résiste aux produits ménagers, comment traiter une zone souillée selon la surface, quels produits bannir dont la javel.",Le sol paraît propre et pourtant votre chat revient au même endroit. Voici comment nettoyer pour de bon et casser la récidive.,"cluster-litiere-chat, odeur-urine-chat, nettoyage-enzymatique",articles/cluster-6-litiere-chat/nettoyer-odeurs-urine-chat.html,PROMPTS-IMAGES_CH6_litiere-chat.md,4,2
6,cluster-litiere-chat,SAT03,ou-placer-litiere-chat,litiere-proprete-chat,Où placer la litière de son chat,Où placer la litière de son chat : les règles,"Calme, intimité, distance avec la gamelle, accès sans obstacle : où poser le bac pour que le chat l'adopte.","Un excellent bac au mauvais endroit ne vaut rien. Voici où poser la litière de votre chat, et les emplacements à éviter.","cluster-litiere-chat, emplacement-litiere, bac-litiere-chat",articles/cluster-6-litiere-chat/ou-placer-litiere-chat.html,PROMPTS-IMAGES_CH6_litiere-chat.md,5,2
7,cluster-griffades-chat,PILIER,pourquoi-chat-griffe,,Pourquoi les chats griffent : comprendre ce besoin et y répondre,Pourquoi les chats griffent,"Griffer est un besoin vital pour le chat, pas un caprice. Les quatre raisons pour lesquelles il griffe, pourquoi ce n'est pas un signe de stress.","Votre chat ne griffe pas le canapé pour vous embêter : il fait son métier de chat, sur le seul support convenable qu'il ait trouvé. Voici pourquoi il griffe, et comment lui offrir mieux.","cluster-griffades-chat, pourquoi-chat-griffe, griffades-chat",articles/cluster-7-griffades-chat/pourquoi-chat-griffe.html,PROMPTS-IMAGES_CH7_griffades-chat.md,15,3
7,cluster-griffades-chat,SAT01,arbre-a-chat-ou-griffoir,pourquoi-chat-griffe,Arbre à chat ou griffoir : lequel choisir ?,Arbre à chat ou griffoir : lequel choisir ?,"Faut-il un simple griffoir ou un arbre à chat complet ? Comparaison honnête sur ce qui compte pour la griffade : hauteur, stabilité, matière.","Le griffoir suffit-il, ou faut-il investir dans un arbre à chat ? Voici la comparaison, du seul point de vue qui compte ici : celui des griffes de votre chat.","cluster-griffades-chat, arbre-a-chat-ou-griffoir, choisir-griffoir-chat",articles/cluster-7-griffades-chat/arbre-a-chat-ou-griffoir.html,PROMPTS-IMAGES_CH7_griffades-chat.md,8,2
7,cluster-griffades-chat,SAT08,chat-griffe-canape-meubles,pourquoi-chat-griffe,Mon chat griffe le canapé : la méthode qui marche,Mon chat griffe le canapé : que faire,"Le canapé est un excellent griffoir, de son point de vue. La méthode complète pour rediriger les griffades vers le bon support, sans punir.","Votre chat n'a pas choisi le canapé pour vous nuire : il a choisi le meilleur support disponible. Voici comment lui en offrir un meilleur, et fermer l'ancien.","cluster-griffades-chat, chat-griffe-canape, rediriger-griffades-chat",articles/cluster-7-griffades-chat/chat-griffe-canape-meubles.html,PROMPTS-IMAGES_CH7_griffades-chat.md,8,2
7,cluster-griffades-chat,SAT07,chat-n-utilise-pas-griffoir,pourquoi-chat-griffe,Mon chat n'utilise pas son griffoir : que faire,Mon chat n'utilise pas son griffoir,"Le griffoir est là, et il l'ignore. Les cinq raisons habituelles, comment le rendre irrésistible avec l'herbe à chat et le jeu.","Il vous a coûté cher et il sert de perchoir à poussière. Voici pourquoi votre chat boude son griffoir, et comment le lui faire adopter sans jamais lui prendre les pattes.","cluster-griffades-chat, chat-ignore-griffoir, rendre-griffoir-attractif",articles/cluster-7-griffades-chat/chat-n-utilise-pas-griffoir.html,PROMPTS-IMAGES_CH7_griffades-chat.md,7,2
7,cluster-griffades-chat,SAT04,choisir-griffoir-chat,pourquoi-chat-griffe,Choisir un griffoir : les critères qui comptent,Choisir un griffoir pour chat,"Matière, hauteur, stabilité, largeur : tous les griffoirs ne se valent pas, et le critère le plus important est celui qu'on regarde le moins.","Un griffoir qui bouge est un griffoir mort. Voici les critères qui font qu'un chat adopte son griffoir plutôt que votre canapé, en commençant par le plus sous-estimé de tous.","cluster-griffades-chat, choisir-griffoir-chat, griffoir-chat",articles/cluster-7-griffades-chat/choisir-griffoir-chat.html,PROMPTS-IMAGES_CH7_griffades-chat.md,5,2
7,cluster-griffades-chat,SAT10,degriffage-chat,pourquoi-chat-griffe,Le dégriffage du chat : pourquoi c'est interdit,"Dégriffage du chat : interdit, et pourquoi",Le dégriffage n'est pas une coupe de griffes : c'est l'amputation de la dernière phalange de chaque doigt. Il est interdit en France.,"Le dégriffage n'est pas une manucure. C'est une amputation, elle est interdite en France, et voici ce qu'elle laisse derrière elle chez les chats qui l'ont subie.","cluster-griffades-chat, degriffage-chat, onyxectomie-chat",articles/cluster-7-griffades-chat/degriffage-chat.html,PROMPTS-IMAGES_CH7_griffades-chat.md,5,2
7,cluster-griffades-chat,SAT12,entretenir-changer-griffoir-chat,pourquoi-chat-griffe,Entretenir et remplacer un griffoir,Entretenir et remplacer un griffoir,"Un griffoir usé est un griffoir aimé : le remplacer trop tôt est l'erreur la plus commune. Comment l'entretenir, pourquoi ne pas le laver.","Ce griffoir effiloché que vous voulez jeter est exactement celui que votre chat préfère. Voici quand le remplacer vraiment, et comment faire accepter son successeur.","cluster-griffades-chat, entretenir-griffoir, remplacer-griffoir-chat",articles/cluster-7-griffades-chat/entretenir-changer-griffoir-chat.html,PROMPTS-IMAGES_CH7_griffades-chat.md,5,2
7,cluster-griffades-chat,SAT11,griffades-chaton-apprentissage,pourquoi-chat-griffe,Apprendre au chaton à utiliser son griffoir,Apprendre au chaton à utiliser son griffoir,"Tout se joue dans les premières semaines : présenter le bon support dès l'arrivée, choisir ce qui plaît aux chatons.",Un chaton qui apprend tout de suite où griffer est un chat qui ne griffera jamais votre canapé. Voici comment poser ce réflexe pendant qu'il est encore facile à poser.,"cluster-griffades-chat, griffades-chaton, griffoir-chaton",articles/cluster-7-griffades-chat/griffades-chaton-apprentissage.html,PROMPTS-IMAGES_CH7_griffades-chat.md,6,2
7,cluster-griffades-chat,SAT02,griffades-marquage-chat,pourquoi-chat-griffe,La griffade comme marquage : trace visible et odeur,La griffade du chat est-elle un marquage ?,"En griffant, le chat laisse une trace visible et dépose une odeur par ses coussinets. Ce que dit vraiment cette signature.","La griffade laisse une double signature : une marque qu'on voit et une odeur qu'on ne sent pas. Voici ce qu'elle raconte, et ce que la recherche récente vient nuancer.","cluster-griffades-chat, marquage-griffade-chat, signal-griffade-chat",articles/cluster-7-griffades-chat/griffades-marquage-chat.html,PROMPTS-IMAGES_CH7_griffades-chat.md,8,2
7,cluster-griffades-chat,SAT03,griffes-du-chat-entretien,pourquoi-chat-griffe,"Les griffes du chat : anatomie, mue et entretien","Griffes du chat : anatomie, mue et entretien","La griffe du chat est rétractile et se renouvelle en perdant sa gaine. Comprendre son fonctionnement, savoir s'il faut la couper.","Les petits copeaux de griffe retrouvés sur le griffoir ne sont pas des griffes cassées. Voici comment fonctionne la griffe du chat, et quand son entretien devient une affaire de vétérinaire.","cluster-griffades-chat, griffes-du-chat, couper-griffes-chat",articles/cluster-7-griffades-chat/griffes-du-chat-entretien.html,PROMPTS-IMAGES_CH7_griffades-chat.md,5,2
7,cluster-griffades-chat,SAT05,griffoir-vertical-ou-horizontal-chat,pourquoi-chat-griffe,Griffoir vertical ou horizontal : lequel choisir,Griffoir vertical ou horizontal ?,"Certains chats griffent debout, d'autres à plat, et cela ne se devine pas : cela s'observe. Comment repérer la préférence de votre chat et pourquoi proposer.","Votre chat griffe-t-il debout ou à plat ? La réponse est dans vos meubles. Voici comment lire ses préférences avant d'acheter, plutôt qu'après.","cluster-griffades-chat, griffoir-vertical-horizontal, preference-griffade-chat",articles/cluster-7-griffades-chat/griffoir-vertical-ou-horizontal-chat.html,PROMPTS-IMAGES_CH7_griffades-chat.md,7,2
7,cluster-griffades-chat,SAT06,ou-placer-griffoir-chat,pourquoi-chat-griffe,Où placer le griffoir dans la maison,Où placer le griffoir de son chat,"Un bon griffoir mal placé ne sert à rien. Lieux de passage, sortie de sieste, à côté du meuble griffé : où l'installer, combien en prévoir.","Le griffoir relégué derrière la porte du garage ne servira jamais. Voici où l'installer réellement, combien en prévoir, et pourquoi les conseils habituels méritent d'être nuancés.","cluster-griffades-chat, placer-griffoir-chat, nombre-griffoirs-chat",articles/cluster-7-griffades-chat/ou-placer-griffoir-chat.html,PROMPTS-IMAGES_CH7_griffades-chat.md,4,2
7,cluster-griffades-chat,SAT09,proteger-meubles-griffades-chat,pourquoi-chat-griffe,"Protéger ses meubles des griffades, sans punir",Protéger ses meubles des griffades du chat,"Films, housses, textures dissuasives : comment protéger un canapé le temps de la transition, ce que valent vraiment les répulsifs.","Protéger le canapé n'est pas une solution, c'est un pansement, et c'est très bien ainsi. Voici les protections qui tiennent le temps que le griffoir prenne le relais.","cluster-griffades-chat, proteger-meubles-chat, repulsif-griffades-chat",articles/cluster-7-griffades-chat/proteger-meubles-griffades-chat.html,PROMPTS-IMAGES_CH7_griffades-chat.md,4,2
10,cluster-cohabitation-chat,PILIER,cohabitation-chats-vie-sociale,,"Cohabitation, tensions et vie sociale du chat : comprendre et apaiser",Cohabitation et tensions entre chats,"Sociabilité réelle du chat, conflits, agression redirigée, seuil de tolérance : le guide complet pour comprendre les tensions.",Un chat qui feule ou mord n'est ni méchant ni dominant : il réagit. Voici comment lire ces situations et sécuriser votre foyer.,"cluster-cohabitation-chat, cohabitation-chats, agression-chat",articles/cluster-10-cohabitation-chat/cohabitation-chats-vie-sociale.html,PROMPTS-IMAGES_CH10_cohabitation-chat.md,19,3
10,cluster-cohabitation-chat,SAT04,agression-redirigee-chat,cohabitation-chats-vie-sociale,L'agression redirigée chez le chat : comprendre et sécuriser,L'agression redirigée chez le chat,"Un chat déclenché par un stimulus inaccessible reporte son agression sur un proche. Le mécanisme, les gestes de sécurité.",La cible n'a rien fait : elle était simplement là. Voici comment reconnaître une agression redirigée et quoi faire dans l'instant.,"cluster-cohabitation-chat, agression-redirigee-chat, securite-chat",articles/cluster-10-cohabitation-chat/agression-redirigee-chat.html,PROMPTS-IMAGES_CH10_cohabitation-chat.md,8,2
10,cluster-cohabitation-chat,SAT08,amenager-ressources-tensions-chats,cohabitation-chats-vie-sociale,Aménager les ressources pour apaiser les tensions entre chats,Aménager les ressources entre chats,"La réponse aux tensions n'est pas comportementale mais matérielle : multiplier et répartir gamelles, litières, couchages, hauteurs et points de retrait.",Beaucoup de conflits entre chats naissent d'une compétition pour des ressources rares. Voici comment organiser l'espace pour les désamorcer.,"cluster-cohabitation-chat, ressources-chats, amenagement-territoire-chat",articles/cluster-10-cohabitation-chat/amenager-ressources-tensions-chats.html,PROMPTS-IMAGES_CH10_cohabitation-chat.md,8,2
10,cluster-cohabitation-chat,SAT07,chat-et-arrivee-bebe,cohabitation-chats-vie-sociale,"Chat et bébé : sécurité, hygiène et toxoplasmose",Chat et bébé : sécurité et toxoplasmose,"Se séparer du chat n'est jamais la réponse. Ce que dit la santé publique sur la toxoplasmose, les gestes d'hygiène pendant la grossesse.","Non, l'arrivée d'un bébé n'oblige pas à se séparer du chat. Voici ce que dit vraiment le risque sanitaire, et comment préparer la maison.","cluster-cohabitation-chat, chat-arrivee-bebe, toxoplasmose-chat",articles/cluster-10-cohabitation-chat/chat-et-arrivee-bebe.html,PROMPTS-IMAGES_CH10_cohabitation-chat.md,6,2
10,cluster-cohabitation-chat,SAT06,cohabitation-chat-chien,cohabitation-chats-vie-sociale,Faire cohabiter un chat et un chien,Faire cohabiter un chat et un chien,"Deux espèces qui ne parlent pas la même langue peuvent très bien s'entendre. Présentation supervisée, espaces de repli en hauteur.","Chat et chien cohabitent souvent très bien, mais rarement par hasard. Voici comment préparer la rencontre et sécuriser le quotidien.","cluster-cohabitation-chat, cohabitation-chat-chien, presentation-chat-chien",articles/cluster-10-cohabitation-chat/cohabitation-chat-chien.html,PROMPTS-IMAGES_CH10_cohabitation-chat.md,7,2
10,cluster-cohabitation-chat,SAT03,conflits-entre-chats-foyer,cohabitation-chats-vie-sociale,Conflits entre chats du foyer : les repérer et les désamorcer,Conflits entre chats du même foyer,"La forme de conflit la plus répandue ne fait aucun bruit : blocages d'accès, regards fixes, évitement. Comment repérer la tension silencieuse, la désamorcer.","Un conflit entre chats se voit rarement. Voici comment repérer la tension silencieuse qui s'installe, et par quoi commencer pour l'apaiser.","cluster-cohabitation-chat, conflits-chats, tension-silencieuse-chat",articles/cluster-10-cohabitation-chat/conflits-entre-chats-foyer.html,PROMPTS-IMAGES_CH10_cohabitation-chat.md,11,2
10,cluster-cohabitation-chat,SAT11,consulter-comportementaliste-chat,cohabitation-chats-vie-sociale,Quand consulter un vétérinaire comportementaliste pour son chat,Consulter un comportementaliste chat,"On commence toujours par le vétérinaire : chez le chat, une agression nouvelle est souvent d'origine douloureuse.","Attendre trop longtemps est l'erreur la plus fréquente. Voici les signaux qui imposent un avis professionnel, et par qui commencer.","cluster-cohabitation-chat, comportementaliste-chat, consultation-veterinaire-chat",articles/cluster-10-cohabitation-chat/consulter-comportementaliste-chat.html,PROMPTS-IMAGES_CH10_cohabitation-chat.md,6,2
10,cluster-cohabitation-chat,SAT12,idees-recues-agression-cohabitation-chat,cohabitation-chats-vie-sociale,Idées reçues sur l'agression et la cohabitation entre chats,Idées reçues : agression et cohabitation,"« Il est jaloux », « il veut dominer », « ils s'habitueront seuls » : chaque croyance oriente l'action dans la mauvaise direction.",Croire qu'un chat domine ou se venge coûte cher en tensions installées. Voici ce que disent vraiment ces situations.,"cluster-cohabitation-chat, idees-recues-agression-chat, mythes-cohabitation-chat",articles/cluster-10-cohabitation-chat/idees-recues-agression-cohabitation-chat.html,PROMPTS-IMAGES_CH10_cohabitation-chat.md,7,2
10,cluster-cohabitation-chat,SAT09,jeu-brutal-jeune-chat,cohabitation-chats-vie-sociale,Le jeu trop brutal du jeune chat : canaliser sans punir,Canaliser le jeu brutal du jeune chat,"Ce que l'on prend pour de l'agression est presque toujours du jeu de prédation. Comment distinguer les deux, rediriger vers des jouets.","Votre chaton ne vous en veut pas : il chasse. Voici comment canaliser ces bonds sans le punir, et vers quoi rediriger son énergie.","cluster-cohabitation-chat, jeu-brutal-chaton, jeu-predation-chat",articles/cluster-10-cohabitation-chat/jeu-brutal-jeune-chat.html,PROMPTS-IMAGES_CH10_cohabitation-chat.md,5,2
10,cluster-cohabitation-chat,SAT10,peur-agression-defensive-chat,cohabitation-chats-vie-sociale,Quand la peur bascule en agression défensive,Peur et agression défensive du chat,"Un chat acculé attaque en dernier recours, après avoir tenté de fuir puis de se figer. Comment lire la peur, ne jamais bloquer la fuite, sécuriser.",Ce chat n'attaque pas par rancune : on lui a retiré sa porte de sortie. Voici comment lire la peur et lui rendre une issue.,"cluster-cohabitation-chat, agression-defensive-chat, peur-chat",articles/cluster-10-cohabitation-chat/peur-agression-defensive-chat.html,PROMPTS-IMAGES_CH10_cohabitation-chat.md,7,2
10,cluster-cohabitation-chat,SAT01,presenter-deux-chats,cohabitation-chats-vie-sociale,Présenter deux chats en douceur : la méthode étape par étape,Comment présenter deux chats en douceur,"Séparation initiale, échange d'odeurs, contact visuel puis rencontre directe : la progression complète pour faire se rencontrer deux chats sans forcer.","Une rencontre entre chats ne s'improvise pas. Voici la progression qui leur laisse le temps de s'apprivoiser, sans jamais les forcer.","cluster-cohabitation-chat, presenter-deux-chats, arrivee-second-chat",articles/cluster-10-cohabitation-chat/presenter-deux-chats.html,PROMPTS-IMAGES_CH10_cohabitation-chat.md,9,2
10,cluster-cohabitation-chat,SAT02,reprendre-presentation-chats-ratee,cohabitation-chats-vie-sociale,Reprendre une présentation ratée entre deux chats,Rattraper une présentation ratée entre chats,Laisser les chats « régler ça entre eux » fige l'hostilité au lieu de la dissoudre. Comment revenir en arrière.,Une présentation menée trop vite se rattrape presque toujours. Voici comment revenir en arrière sans perdre le terrain gagné.,"cluster-cohabitation-chat, presentation-ratee-chats, reprendre-presentation",articles/cluster-10-cohabitation-chat/reprendre-presentation-chats-ratee.html,PROMPTS-IMAGES_CH10_cohabitation-chat.md,8,2
10,cluster-cohabitation-chat,SAT05,seuil-tolerance-agression-chat,cohabitation-chats-vie-sociale,Le seuil de tolérance du chat : lire la montée avant la morsure,Seuil de tolérance : la caresse de trop,"Un chat ne bascule presque jamais sans prévenir : les signaux s'accumulent avant la morsure. Comment lire cette montée, repérer le cumul des facteurs.","La morsure au milieu d'une caresse n'arrive pas sans prévenir. Voici la montée qui la précède, et comment s'arrêter à temps.","cluster-cohabitation-chat, seuil-tolerance-chat, agression-caresses-chat",articles/cluster-10-cohabitation-chat/seuil-tolerance-agression-chat.html,PROMPTS-IMAGES_CH10_cohabitation-chat.md,6,2
3,cluster-craintif-chat,PILIER,chat-craintif,,Le chat craintif : comprendre et apaiser ses peurs,Chat craintif : apaiser ses peurs,"Pourquoi la peur est une émotion normale, comment la reconnaître, les deux règles d'or (ne jamais forcer, ne jamais punir).","Votre chat file sous le canapé au moindre bruit. Voici d'où vient sa peur et comment l'aider à retrouver confiance, à son rythme.","cluster-craintif-chat, chat-craintif, peur-du-chat",articles/cluster-3-craintif-chat/chat-craintif.html,PROMPTS-IMAGES_CH3_craintif-chat.md,24,3
3,cluster-craintif-chat,SAT09,chat-craintif-adopte,chat-craintif,Accompagner un chat craintif adopté,Accompagner un chat craintif adopté,"Pièce refuge, règle du laisser-venir, paliers progressifs, élargissement du territoire : comment aider un chat de refuge ou peu socialisé à reprendre.","Votre chat adopté se terre depuis son arrivée. Voici la marche à suivre, jour après jour, pour qu'il vienne à vous de lui-même.","cluster-craintif-chat, chat-adopte, confiance-chat",articles/cluster-3-craintif-chat/chat-craintif-adopte.html,PROMPTS-IMAGES_CH3_craintif-chat.md,7,2
3,cluster-craintif-chat,SAT05,chat-peur-bruits,chat-craintif,"La peur des bruits chez le chat : feux d'artifice, orage, aspirateur",Chat qui a peur des bruits : que faire,"Feux d'artifice, orage, aspirateur : pourquoi ces bruits effraient tant les chats, comment protéger le vôtre sur le moment sans le brusquer.","Un claquement, et votre chat disparaît sous le lit. Voici quoi faire sur le moment, et comment apaiser cette peur dans la durée.","cluster-craintif-chat, peur-des-bruits, bruits-forts-chat",articles/cluster-3-craintif-chat/chat-peur-bruits.html,PROMPTS-IMAGES_CH3_craintif-chat.md,4,2
3,cluster-craintif-chat,SAT06,chat-peur-visiteurs-inconnus,chat-craintif,Le chat qui a peur des visiteurs et des inconnus,Chat qui a peur des visiteurs : que faire,"Pourquoi votre chat s'évapore dès qu'un invité arrive, comment lui garantir un refuge pendant la visite, quelles consignes donner à vos invités.","Votre chat disparaît dès qu'on sonne à la porte. Voici comment organiser les visites pour qu'il les vive mieux, sans le forcer.","cluster-craintif-chat, peur-des-inconnus, visiteurs-chat",articles/cluster-3-craintif-chat/chat-peur-visiteurs-inconnus.html,PROMPTS-IMAGES_CH3_craintif-chat.md,6,2
3,cluster-craintif-chat,SAT03,chat-qui-se-cache,chat-craintif,Le chat qui se cache et se retire : quand s'inquiéter,Le chat qui se cache : quand s'inquiéter,"Se cacher aide le chat à réguler ses émotions : pourquoi aller le chercher est contre-productif, comment aménager plutôt que déloger.","Un chat qui se cache prend soin de lui à sa manière. Voici pourquoi c'est sain, et le seul cas où ce retrait doit vous inquiéter.","cluster-craintif-chat, chat-qui-se-cache, cachettes-chat",articles/cluster-3-craintif-chat/chat-qui-se-cache.html,PROMPTS-IMAGES_CH3_craintif-chat.md,5,2
3,cluster-craintif-chat,SAT01,comprendre-peur-chat,chat-craintif,Comprendre la peur chez le chat : mécanisme et origines,Comprendre la peur chez le chat : origines,"Comment la peur s'active dans le corps du chat, ce que la socialisation des premières semaines et le tempérament hérité y changent.","Si votre chat est peureux, ce n'est ni sa faute ni la vôtre. Voici d'où vient réellement la peur et quand elle cesse d'être normale.","cluster-craintif-chat, peur-du-chat, socialisation-chaton",articles/cluster-3-craintif-chat/comprendre-peur-chat.html,PROMPTS-IMAGES_CH3_craintif-chat.md,9,2
3,cluster-craintif-chat,SAT04,desensibilisation-chat-en-douceur,chat-craintif,Désensibiliser un chat en douceur : la méthode pas à pas,Désensibiliser un chat en douceur : méthode,"Désensibilisation et contre-conditionnement expliqués simplement : repérer le seuil de peur, choisir la récompense, avancer par paliers minuscules.","On n'habitue pas un chat à sa peur en le forçant. Voici la méthode douce, palier par palier, pour l'aider à s'apaiser à son rythme.","cluster-craintif-chat, desensibilisation-chat, contre-conditionnement",articles/cluster-3-craintif-chat/desensibilisation-chat-en-douceur.html,PROMPTS-IMAGES_CH3_craintif-chat.md,7,2
3,cluster-craintif-chat,SAT12,erreurs-idees-recues-peur-chat,chat-craintif,Peur du chat : les erreurs et les idées reçues,Peur du chat : erreurs et idées reçues,"Forcer, punir, materner à contretemps, attendre que le temps fasse son œuvre, parler de caractère dominant, déloger un chat caché : six croyances répandues.",Les maladresses face à un chat qui a peur partent d'un bon sentiment. Voici six idées reçues et le geste juste qui les remplace.,"cluster-craintif-chat, idees-recues-chat, erreurs-a-eviter",articles/cluster-3-craintif-chat/erreurs-idees-recues-peur-chat.html,PROMPTS-IMAGES_CH3_craintif-chat.md,6,2
3,cluster-craintif-chat,SAT10,peur-soudaine-chat-veterinaire,chat-craintif,Une peur soudaine chez le chat : écarter d'abord le médical,Peur soudaine du chat : écarter le médical,"Le chat masque la douleur : pourquoi une peur ou un retrait nouveau et brutal doit d'abord faire consulter, comment le distinguer d'une timidité ancienne.",Votre chat est devenu craintif du jour au lendemain. Voici pourquoi ce changement se vérifie chez le vétérinaire avant tout.,"cluster-craintif-chat, peur-soudaine, veterinaire-chat",articles/cluster-3-craintif-chat/peur-soudaine-chat-veterinaire.html,PROMPTS-IMAGES_CH3_craintif-chat.md,5,2
3,cluster-craintif-chat,SAT11,pheromones-aides-apaisantes-chat-peur,chat-craintif,Phéromones et aides apaisantes face à la peur du chat,Phéromones et chat peureux : ce qu'on sait,"Diffuseurs, sprays, colliers, compléments : ce que dit réellement la preuve scientifique, pourquoi ces aides restent un appoint derrière l'environnement.","Un diffuseur ne remplacera pas l'aménagement de votre maison. Voici ce que valent vraiment les aides apaisantes, preuves à l'appui.","cluster-craintif-chat, pheromones-chat, aides-apaisantes",articles/cluster-3-craintif-chat/pheromones-aides-apaisantes-chat-peur.html,PROMPTS-IMAGES_CH3_craintif-chat.md,6,2
3,cluster-craintif-chat,SAT02,reconnaitre-chat-peureux,chat-craintif,Reconnaître un chat peureux : les signes de peur,Reconnaître un chat peureux : les signes,"Fuite, figement, oreilles plaquées, pupilles dilatées : les signes de la peur aiguë, ceux de la peur chronique que l'on confond avec un caractère réservé.","Un chat qu'on croit indépendant est parfois un chat qui a peur. Voici les signaux à lire sur son corps, et ceux qui doivent alerter.","cluster-craintif-chat, signes-de-peur, comportement-chat",articles/cluster-3-craintif-chat/reconnaitre-chat-peureux.html,PROMPTS-IMAGES_CH3_craintif-chat.md,11,2
3,cluster-craintif-chat,SAT07,refuges-cachettes-chat-craintif,chat-craintif,Refuges et cachettes : aménager la maison d'un chat craintif,Refuges et cachettes du chat craintif,"Où placer les cachettes, comment les répartir dans le logement, comment offrir de la hauteur sans danger et pourquoi un refuge doit toujours garder une issue.","Un chat rassuré est un chat qui peut disparaître quand il le veut. Voici comment aménager refuges, cachettes et points en hauteur.","cluster-craintif-chat, refuges-chat, cachettes-chat",articles/cluster-3-craintif-chat/refuges-cachettes-chat-craintif.html,PROMPTS-IMAGES_CH3_craintif-chat.md,6,2
3,cluster-craintif-chat,SAT08,routine-previsibilite-chat-craintif,chat-craintif,Routine et prévisibilité : sécuriser un chat peureux,Routine et prévisibilité du chat peureux,"L'imprévisible nourrit la peur : horaires réguliers, gestes annoncés, transitions progressives, repères olfactifs et stabilité des lieux de ressources.","Pour un chat craintif, l'incertitude entretient la peur. Voici comment installer des repères stables qui l'apaisent au quotidien.","cluster-craintif-chat, routine-chat, previsibilite-chat",articles/cluster-3-craintif-chat/routine-previsibilite-chat-craintif.html,PROMPTS-IMAGES_CH3_craintif-chat.md,7,2
4,cluster-interieur-chat,PILIER,chat-interieur-ennui-solitude,,"Le chat d'intérieur : ennui, solitude et absence","Chat d'intérieur : ennui, solitude, absence","Le mythe du chat solitaire, l'attachement, les signes d'ennui, la juste stimulation entre manque et trop-plein.","Votre chat s'ennuie-t-il pendant que vous travaillez ? Voici ce qui se joue vraiment dans ses journées, et par où commencer.","cluster-interieur-chat, chat-interieur, ennui-chat",articles/cluster-4-interieur-chat/chat-interieur-ennui-solitude.html,PROMPTS-IMAGES_CH4_interieur-chat.md,26,3
4,cluster-interieur-chat,SAT02,besoins-chat-interieur,chat-interieur-ennui-solitude,Les besoins spécifiques d'un chat d'intérieur,Les besoins spécifiques du chat d'intérieur,"Hauteur, chasse, exploration et odeurs, contrôle du territoire, interactions prévisibles : ce que le chat qui sort règle seul dehors et que le logement doit.","Un chat d'intérieur dépend entièrement de ce que son logement lui propose. Voici les besoins à recréer chez vous, un par un.","cluster-interieur-chat, chat-interieur, besoins-chat",articles/cluster-4-interieur-chat/besoins-chat-interieur.html,PROMPTS-IMAGES_CH4_interieur-chat.md,8,2
4,cluster-interieur-chat,SAT05,chat-anxiete-separation,chat-interieur-ennui-solitude,Le chat souffre-t-il de l'absence ?,Le chat souffre-t-il de nos absences ?,"Le chat s'attache, mais ne vit pas nos départs comme un chien anxieux. Ce que l'on sait de son vécu, les signes à faire examiner d'abord.","Ni indifférent, ni angoissé comme un chien. Voici ce que l'on sait du chat face à l'absence, et ce qui doit vous alerter.","cluster-interieur-chat, anxiete-separation-chat, absence-chat",articles/cluster-4-interieur-chat/chat-anxiete-separation.html,PROMPTS-IMAGES_CH4_interieur-chat.md,7,2
4,cluster-interieur-chat,SAT06,chat-hyper-attachement,chat-interieur-ennui-solitude,L'hyper-attachement et la dépendance affective du chat,Chat pot de colle : l'hyper-attachement,"Distinguer un chat très sociable d'un chat en réelle détresse, écarter une cause médicale devant un collage soudain.",Votre chat ne vous lâche pas d'une semelle. Voici comment lire ce besoin de présence et l'aider à gagner en autonomie.,"cluster-interieur-chat, hyper-attachement-chat, autonomie-chat",articles/cluster-4-interieur-chat/chat-hyper-attachement.html,PROMPTS-IMAGES_CH4_interieur-chat.md,7,2
4,cluster-interieur-chat,SAT11,enrichir-quotidien-chat-interieur,chat-interieur-ennui-solitude,Enrichir le quotidien de son chat sans se ruiner,Enrichir le quotidien du chat sans se ruiner,"Carton et sac en papier, rotation des jouets, croquettes à chercher, points d'observation, olfaction et griffage : des idées d'enrichissement peu coûteuses.","Occuper un chat coûte moins cher qu'on ne le croit. Voici des idées simples, à mettre en place avec ce que vous avez déjà.","cluster-interieur-chat, enrichissement-chat, chat-interieur",articles/cluster-4-interieur-chat/enrichir-quotidien-chat-interieur.html,PROMPTS-IMAGES_CH4_interieur-chat.md,9,2
4,cluster-interieur-chat,SAT12,erreurs-idees-recues-chat-interieur,chat-interieur-ennui-solitude,Erreurs et idées reçues sur le chat d'intérieur,Chat d'intérieur : 5 idées reçues à corriger,"Le chat qui se suffit à lui-même, celui qui ne s'ennuie jamais, le deuxième chat qui réglerait tout, la sortie présentée comme seule issue.",Ces phrases entendues partout partent d'une bonne intention. Voici ce qu'elles cachent du besoin réel de votre chat.,"cluster-interieur-chat, idees-recues-chat, chat-interieur",articles/cluster-4-interieur-chat/erreurs-idees-recues-chat-interieur.html,PROMPTS-IMAGES_CH4_interieur-chat.md,11,2
4,cluster-interieur-chat,SAT04,gerer-absences-chat,chat-interieur-ennui-solitude,Gérer les absences : partir et revenir sans dramatiser,Gérer les absences de son chat au quotidien,"Pourquoi la plupart des chats traversent bien une journée seuls, comment préparer l'espace, partir et revenir sobrement.","Partir sans culpabiliser, revenir sans en faire un drame. Voici comment traverser vos absences quotidiennes avec votre chat.","cluster-interieur-chat, absence-chat, depart-retour",articles/cluster-4-interieur-chat/gerer-absences-chat.html,PROMPTS-IMAGES_CH4_interieur-chat.md,7,2
4,cluster-interieur-chat,SAT10,longues-absences-vacances-chat,chat-interieur-ennui-solitude,"Longues absences, journées de travail et vacances",Absences et vacances : garder son chat,"Pet-sitter, garde à domicile, pension, départ avec le chat : pourquoi le territoire départage ces options.","Un week-end, une semaine, des vacances. Voici comment choisir un mode de garde qui respecte le territoire de votre chat.","cluster-interieur-chat, vacances-chat, garde-chat",articles/cluster-4-interieur-chat/longues-absences-vacances-chat.html,PROMPTS-IMAGES_CH4_interieur-chat.md,7,2
4,cluster-interieur-chat,SAT03,occuper-chat-seul-journee,chat-interieur-ennui-solitude,Occuper un chat seul dans la journée,Occuper un chat seul dans la journée,"Poste d'observation à la fenêtre, rotation des jouets, exploration olfactive, croquettes à débusquer.",Vous partez le matin et il reste seul jusqu'au soir. Voici des idées concrètes pour que sa journée ait de quoi l'occuper.,"cluster-interieur-chat, chat-seul, occuper-chat",articles/cluster-4-interieur-chat/occuper-chat-seul-journee.html,PROMPTS-IMAGES_CH4_interieur-chat.md,10,2
4,cluster-interieur-chat,SAT01,reconnaitre-chat-qui-sennuie,chat-interieur-ennui-solitude,Reconnaître un chat qui s'ennuie : les signes qui parlent,Reconnaître un chat qui s'ennuie : les signes,"Distinguer le sommeil normal de l'apathie, lire le faisceau de signes (toilettage, sollicitations, curiosité qui s'éteint) et écarter d'abord une cause.","Un chat qui dort beaucoup n'est pas un chat qui s'ennuie. Voici comment observer le vôtre sans surinterpréter, signe par signe.","cluster-interieur-chat, ennui-chat, observation-chat",articles/cluster-4-interieur-chat/reconnaitre-chat-qui-sennuie.html,PROMPTS-IMAGES_CH4_interieur-chat.md,9,2
4,cluster-interieur-chat,SAT09,routine-previsibilite-chat-interieur,chat-interieur-ennui-solitude,Routine et prévisibilité pour un chat d'intérieur,Routine et prévisibilité du chat d'intérieur,"Repas et jeu à heures régulières, repères d'espace préservés, changements introduits en douceur : comment un cadre stable aide le chat d'intérieur à se.","Le monde de votre chat tient dans vos murs. Voici comment la régularité de ses journées l'apaise, sans virer à la rigidité.","cluster-interieur-chat, routine-chat, previsibilite-chat",articles/cluster-4-interieur-chat/routine-previsibilite-chat-interieur.html,PROMPTS-IMAGES_CH4_interieur-chat.md,7,2
4,cluster-interieur-chat,SAT07,sous-stimulation-ennui-chronique-chat,chat-interieur-ennui-solitude,La sous-stimulation et l'ennui chronique chez le chat,Sous-stimulation du chat : l'ennui chronique,"Repli, inactivité, prise de poids, sur-toilettage, sollicitations : ce qu'un environnement trop pauvre finit par coûter au chat.","Un chat calme n'est pas toujours un chat comblé. Voici comment l'ennui chronique s'installe, et comment le corriger.","cluster-interieur-chat, ennui-chat, sous-stimulation-chat",articles/cluster-4-interieur-chat/sous-stimulation-ennui-chronique-chat.html,PROMPTS-IMAGES_CH4_interieur-chat.md,8,2
4,cluster-interieur-chat,SAT08,sur-stimulation-chat,chat-interieur-ennui-solitude,La sur-stimulation et le trop-plein chez le chat,La sur-stimulation du chat : le trop-plein,"Sollicitations sans répit, contacts imposés, bruit et imprévu : pourquoi le calme et le sommeil sont des besoins.",On peut aussi épuiser un chat à force de bien faire. Voici comment repérer le trop-plein et lui rendre son droit au calme.,"cluster-interieur-chat, sur-stimulation-chat, calme-chat",articles/cluster-4-interieur-chat/sur-stimulation-chat.html,PROMPTS-IMAGES_CH4_interieur-chat.md,8,2
5,cluster-repas-chat,PILIER,alimentation-chat-adulte,,Bien nourrir son chat : le guide de l'alimentation du chat adulte,Bien nourrir son chat adulte : le guide,"Carnivore strict, humide et sec, eau, rythme des repas, quantité, poids, aliments interdits : les repères pour nourrir un chat adulte.","Nourrir son chat soulève les mêmes questions à chaque gamelle. Voici les repères solides, sans tableau parfait à recopier.","cluster-repas-chat, alimentation-chat, nourrir-son-chat",articles/cluster-5-repas-chat/alimentation-chat-adulte.html,PROMPTS-IMAGES_CH5_repas-chat.md,18,3
5,cluster-repas-chat,SAT10,aliments-dangereux-toxiques-chat,alimentation-chat-adulte,Les aliments dangereux et toxiques pour le chat,Aliments toxiques pour le chat : la liste,"Oignon, ail, poireau, chocolat, café, alcool, pâte à pain crue, raisin, os cuits, lait de vache : pourquoi ces aliments sont dangereux.",Un morceau tombé de l'assiette peut être dangereux. Voici les aliments à tenir hors de portée et le réflexe en cas de doute.,"cluster-repas-chat, aliments-toxiques-chat, danger-alimentaire",articles/cluster-5-repas-chat/aliments-dangereux-toxiques-chat.html,PROMPTS-IMAGES_CH5_repas-chat.md,3,2
5,cluster-repas-chat,SAT01,besoins-nutritionnels-chat-carnivore,alimentation-chat-adulte,"Les besoins nutritionnels du chat, ce carnivore strict",Besoins nutritionnels du chat carnivore,"Protéines, taurine, acides gras, vitamine A, niacine : ce que l'organisme du chat ne sait pas fabriquer, pourquoi on ne le nourrit pas comme un chien.","Votre chat n'est pas un petit chien. Voici ce que réclame son organisme de carnivore strict, nutriment par nutriment.","cluster-repas-chat, carnivore-strict, taurine-chat",articles/cluster-5-repas-chat/besoins-nutritionnels-chat-carnivore.html,PROMPTS-IMAGES_CH5_repas-chat.md,5,2
5,cluster-repas-chat,SAT11,changer-alimentation-transition-chat,alimentation-chat-adulte,Changer d'alimentation en douceur : la transition,Transition alimentaire du chat en douceur,Mêler l'ancien et le nouvel aliment sur plusieurs jours pour ménager la digestion et la méfiance du chat devant la nouveauté.,Changer d'aliment du jour au lendemain se passe rarement bien. Voici comment conduire une transition tout en douceur.,"cluster-repas-chat, transition-alimentaire, changer-croquettes",articles/cluster-5-repas-chat/changer-alimentation-transition-chat.html,PROMPTS-IMAGES_CH5_repas-chat.md,5,2
5,cluster-repas-chat,SAT08,chat-difficile-neophobie-alimentaire,alimentation-chat-adulte,Le chat difficile et la néophobie alimentaire,Chat difficile : la néophobie alimentaire,"Préférences formées tôt, méfiance devant la nouveauté, sensibilité à la texture et à l'odeur : comprendre un chat sélectif, l'accompagner sans forcer.",Un chat difficile n'est pas un chat capricieux. Voici ce qui explique sa sélectivité et comment l'accompagner sans forcer.,"cluster-repas-chat, chat-difficile, neophobie-alimentaire",articles/cluster-5-repas-chat/chat-difficile-neophobie-alimentaire.html,PROMPTS-IMAGES_CH5_repas-chat.md,5,2
5,cluster-repas-chat,SAT06,choisir-aliment-lire-etiquette-chat,alimentation-chat-adulte,Choisir un bon aliment pour chat et lire une étiquette,Aliment pour chat : lire l'étiquette,"La mention « aliment complet », l'adaptation à l'âge, la liste d'ingrédients, les constituants analytiques et la taurine : lire une étiquette et garder la.","Devant le rayon, tous les paquets promettent le meilleur. Voici les mentions qui comptent vraiment sur une étiquette.","cluster-repas-chat, etiquette-aliment-chat, choisir-croquettes",articles/cluster-5-repas-chat/choisir-aliment-lire-etiquette-chat.html,PROMPTS-IMAGES_CH5_repas-chat.md,4,2
5,cluster-repas-chat,SAT02,croquettes-ou-patee-humide-sec-chat,alimentation-chat-adulte,"Croquettes ou pâtée : le débat humide contre sec, en nuances",Croquettes ou pâtée pour son chat ?,"L'apport en eau de l'humide, la praticité et les limites du sec, la promesse dentaire à nuancer, la combinaison des deux : de quoi choisir selon votre chat.","Aucune forme ne gagne pour tous les chats. Voici les atouts et les limites de chacune, et pourquoi les combiner est légitime.","cluster-repas-chat, croquettes-chat, patee-chat",articles/cluster-5-repas-chat/croquettes-ou-patee-humide-sec-chat.html,PROMPTS-IMAGES_CH5_repas-chat.md,6,2
5,cluster-repas-chat,SAT12,erreurs-idees-recues-alimentation-chat,alimentation-chat-adulte,Erreurs et idées reçues sur l'alimentation du chat,Idées reçues sur l'alimentation du chat,"Le bol de lait, les restes de table, le sans céréales, le tout cru, le chat qui saurait s'arrêter seul : cinq croyances tenaces passées au crible.","Certains gestes se transmettent sans qu'on les questionne. Voici cinq idées reçues sur l'alimentation du chat, au crible.","cluster-repas-chat, idees-recues-chat, erreurs-alimentation",articles/cluster-5-repas-chat/erreurs-idees-recues-alimentation-chat.html,PROMPTS-IMAGES_CH5_repas-chat.md,5,2
5,cluster-repas-chat,SAT04,frequence-rythme-repas-chat,alimentation-chat-adulte,À quelle fréquence nourrir un chat,À quelle fréquence nourrir son chat par jour,"Le chat est un grignoteur fait pour de nombreux petits repas. Fractionner, raisonner le libre-service, distribuer par le jeu.",Deux repas par jour ne collent pas au rythme du chat. Voici comment organiser ses repas selon sa nature de grignoteur.,"cluster-repas-chat, rythme-repas-chat, repas-chat",articles/cluster-5-repas-chat/frequence-rythme-repas-chat.html,PROMPTS-IMAGES_CH5_repas-chat.md,6,2
5,cluster-repas-chat,SAT09,friandises-extras-chat,alimentation-chat-adulte,"Les friandises et les extras, avec mesure",Friandises pour chat : les donner avec mesure,"Les friandises récompensent et créent du lien, à condition de les compter dans les apports du jour et de les retirer de la ration.",Donner une friandise n'a rien d'une faute. Voici comment doser les extras sans déséquilibrer les repas de votre chat.,"cluster-repas-chat, friandises-chat, recompense-chat",articles/cluster-5-repas-chat/friandises-extras-chat.html,PROMPTS-IMAGES_CH5_repas-chat.md,5,2
5,cluster-repas-chat,SAT03,hydratation-eau-chat,alimentation-chat-adulte,L'eau et l'hydratation du chat,L'hydratation du chat : l'aider à boire,"Le chat boit peu, héritage d'un prédateur des milieux secs. Points d'eau multiples et éloignés de la gamelle, part d'aliment humide, fontaine.","Votre chat boit peu, et c'est dans sa nature. Voici comment l'aider à s'hydrater et ce qui doit vous alerter.","cluster-repas-chat, hydratation-chat, eau-chat",articles/cluster-5-repas-chat/hydratation-eau-chat.html,PROMPTS-IMAGES_CH5_repas-chat.md,6,2
5,cluster-repas-chat,SAT05,quelle-quantite-nourrir-chat,alimentation-chat-adulte,Quelle quantité donner à son chat,Quelle quantité de nourriture donner au chat,"Aucune quantité ne vaut pour tous les chats. Les indications du paquet comme point de départ, la note d'état corporel, l'effet de la stérilisation.","Vous cherchez un chiffre, et il n'en existe pas. Voici les repères concrets pour ajuster la ration de votre chat.","cluster-repas-chat, ration-chat, quantite-nourriture-chat",articles/cluster-5-repas-chat/quelle-quantite-nourrir-chat.html,PROMPTS-IMAGES_CH5_repas-chat.md,4,2
5,cluster-repas-chat,SAT07,surpoids-obesite-chat,alimentation-chat-adulte,Le surpoids et l'obésité du chat,Surpoids et obésité du chat,"Palper les côtes, suivre la note d'état corporel, ajuster la ration, entretenir le mouvement : repérer tôt le surpoids.",Le surpoids du chat est fréquent et n'a rien d'une fatalité. Voici comment le repérer tôt et le prévenir au quotidien.,"cluster-repas-chat, surpoids-chat, obesite-chat",articles/cluster-5-repas-chat/surpoids-obesite-chat.html,PROMPTS-IMAGES_CH5_repas-chat.md,6,2
8,cluster-territoire-chat,PILIER,territoire-enrichissement-chat,,"Territoire, enrichissement et jeu : le guide du chat bien dans son espace",Territoire et enrichissement du chat,"Verticalité, arbre à chat, cachettes, jouets, jeu interactif, alimentation-jeu, odeurs, petit logement.","Le bien-être d'un chat ne se décrète pas, il s'aménage. Voici la carte du matériel et des aménagements qui font son territoire.","cluster-territoire-chat, territoire-chat, enrichissement-chat",articles/cluster-8-territoire-chat/territoire-enrichissement-chat.html,PROMPTS-IMAGES_CH8_territoire-chat.md,27,3
8,cluster-territoire-chat,SAT11,acces-exterieur-securise-catio-chat,territoire-enrichissement-chat,"L'accès extérieur sécurisé : catio, balcon, jardin clos et harnais",Accès extérieur sécurisé du chat : le catio,"Catio, balcon protégé par un filet, jardin rendu inévadable, promenade en harnais et identification : les dispositifs qui offrent le dehors à votre chat sans.","Entre le chat enfermé et le chat livré à la rue, il existe tout un éventail. Voici les dispositifs qui sécurisent le dehors.","cluster-territoire-chat, catio-chat, chat-exterieur",articles/cluster-8-territoire-chat/acces-exterieur-securise-catio-chat.html,PROMPTS-IMAGES_CH8_territoire-chat.md,7,2
8,cluster-territoire-chat,SAT07,alimentation-jeu-distributeurs-chat,territoire-enrichissement-chat,L'alimentation-jeu et les distributeurs : transformer le repas en chasse,Alimentation-jeu et distributeurs pour chat,"Distributeurs mobiles à faire rouler, puzzles fixes à fouiller, cache-croquettes fait maison : comment démarrer facile.",Votre chat engloutit sa gamelle en trois minutes. Voici comment lui rendre la part de chasse que le repas lui a prise.,"cluster-territoire-chat, alimentation-jeu-chat, distributeur-croquettes",articles/cluster-8-territoire-chat/alimentation-jeu-distributeurs-chat.html,PROMPTS-IMAGES_CH8_territoire-chat.md,8,2
8,cluster-territoire-chat,SAT10,amenager-petit-appartement-chat,territoire-enrichissement-chat,Aménager un petit appartement pour un chat,Aménager un petit appartement pour un chat,"Compenser la surface par la verticalité, répartir les ressources sur peu de mètres carrés, créer des zones et des parcours.",Un studio bien pensé vaut mieux qu'un grand logement vide. Voici comment aménager peu de mètres carrés pour votre chat.,"cluster-territoire-chat, petit-appartement-chat, amenagement-chat",articles/cluster-8-territoire-chat/amenager-petit-appartement-chat.html,PROMPTS-IMAGES_CH8_territoire-chat.md,6,2
8,cluster-territoire-chat,SAT04,cachettes-postes-observation-chat,territoire-enrichissement-chat,Cachettes et postes d'observation : se cacher et guetter,Cachettes et postes d'observation du chat,"Refuge et affût sont les deux faces d'un même besoin. Cachettes basses et closes, refuges en hauteur, fenêtre aménagée.","Un chat a besoin de disparaître autant que de tout surveiller. Voici comment lui offrir les deux, souvent pour presque rien.","cluster-territoire-chat, cachette-chat, poste-observation-chat",articles/cluster-8-territoire-chat/cachettes-postes-observation-chat.html,PROMPTS-IMAGES_CH8_territoire-chat.md,8,2
8,cluster-territoire-chat,SAT03,choisir-arbre-a-chat,territoire-enrichissement-chat,Choisir et placer un arbre à chat : ce qui fait vraiment la différence,Bien choisir et placer un arbre à chat,"La stabilité avant tout, la hauteur, la largeur des plateformes, le griffoir intégré, l'emplacement près d'une fenêtre : les critères qui décident si votre.",Un arbre à chat déserté n'est presque jamais un caprice. Voici les critères de choix et de placement qui changent tout.,"cluster-territoire-chat, arbre-a-chat, amenagement-chat",articles/cluster-8-territoire-chat/choisir-arbre-a-chat.html,PROMPTS-IMAGES_CH8_territoire-chat.md,7,2
8,cluster-territoire-chat,SAT05,choisir-jouets-chat,territoire-enrichissement-chat,"Bien choisir les jouets de son chat : familles, style de chasse et sécurité",Comment bien choisir les jouets de son chat,"Les grandes familles de jouets, le style de chasse propre à chaque chat, la rotation qui entretient la curiosité, et les pièges à écarter : ficelles.","Ce n'est pas le nombre de jouets qui compte, mais leur adéquation. Voici comment choisir, faire tourner et sécuriser les siens.","cluster-territoire-chat, jouets-chat, jeu-chat",articles/cluster-8-territoire-chat/choisir-jouets-chat.html,PROMPTS-IMAGES_CH8_territoire-chat.md,7,2
8,cluster-territoire-chat,SAT09,enrichir-sans-se-ruiner-chat,territoire-enrichissement-chat,Enrichir le territoire de son chat avec de la récup et un petit budget,Enrichir le territoire du chat sans se ruiner,"Carton, papier, rouleaux et bouchons : parcours, cachettes, postes de guet, cache-croquettes maison et rotation des jouets.",Un carton de livraison vaut parfois mieux qu'un achat. Voici comment enrichir son territoire avec ce que vous avez déjà.,"cluster-territoire-chat, enrichissement-chat, materiel-recup-chat",articles/cluster-8-territoire-chat/enrichir-sans-se-ruiner-chat.html,PROMPTS-IMAGES_CH8_territoire-chat.md,7,2
8,cluster-territoire-chat,SAT08,enrichissement-olfactif-chat,territoire-enrichissement-chat,"L'enrichissement olfactif : herbe à chat, cataire et matatabi",Enrichissement olfactif : cataire et matatabi,"L'herbe à chat n'est pas la cataire : deux plantes, deux usages. Cataire, matatabi, valériane, chèvrefeuille, odeurs à explorer.","L'odorat est le sens que nos intérieurs sollicitent le moins. Voici comment l'éveiller, et ce que la cataire fait vraiment.","cluster-territoire-chat, cataire-chat, herbe-a-chat",articles/cluster-8-territoire-chat/enrichissement-olfactif-chat.html,PROMPTS-IMAGES_CH8_territoire-chat.md,6,2
8,cluster-territoire-chat,SAT12,erreurs-idees-recues-territoire-chat,territoire-enrichissement-chat,Territoire et matériel du chat : les idées reçues les plus tenaces,Idées reçues sur le territoire du chat,"L'arbre à chat ignoré, les jouets qui traînent, l'idée qu'un chat n'a besoin de rien, la course aux mètres carrés.",Certaines évidences sur le chat partent d'une vraie observation mais en tirent la mauvaise conclusion. Voici la mise au point.,"cluster-territoire-chat, idees-recues-chat, territoire-chat",articles/cluster-8-territoire-chat/erreurs-idees-recues-territoire-chat.html,PROMPTS-IMAGES_CH8_territoire-chat.md,7,2
8,cluster-territoire-chat,SAT06,jeu-interactif-canne-chat,territoire-enrichissement-chat,Le jeu interactif : la canne à plumes et l'art de mimer la proie,Le jeu interactif : la canne à plumes,"Animer le leurre comme une proie, dérouler la séquence de traque, guet, bond et capture, laisser le chat gagner, bien conclure la séance.",La canne ne fait rien toute seule : c'est votre main qui lui donne vie. Voici comment mener une vraie séquence de chasse.,"cluster-territoire-chat, jeu-interactif-chat, canne-a-peche-chat",articles/cluster-8-territoire-chat/jeu-interactif-canne-chat.html,PROMPTS-IMAGES_CH8_territoire-chat.md,9,2
8,cluster-territoire-chat,SAT01,territoire-du-chat-domaine-vital,territoire-enrichissement-chat,"Comprendre le territoire du chat : domaine vital, zones et repères",Le territoire du chat et son domaine vital,"Domaine vital, zones de repos, d'alimentation et d'élimination, carte mentale, marquage, verticalité : comment le chat découpe et mémorise son espace.","Votre chat ne traverse jamais une pièce au hasard. Voici comment il découpe, mémorise et signe son territoire, zone par zone.","cluster-territoire-chat, territoire-chat, domaine-vital-chat",articles/cluster-8-territoire-chat/territoire-du-chat-domaine-vital.html,PROMPTS-IMAGES_CH8_territoire-chat.md,9,2
8,cluster-territoire-chat,SAT02,verticalite-hauteur-chat,territoire-enrichissement-chat,Le besoin de hauteur : pourquoi votre chat vit en trois dimensions,Verticalité : le besoin de hauteur du chat,"Observer, se sentir en sécurité, multiplier l'espace utile, apaiser les tensions à plusieurs chats : ce que la hauteur apporte.",Votre chat lève la tête là où vous voyez un sol. Voici ce que la hauteur lui apporte et comment lui en offrir sans dépenser.,"cluster-territoire-chat, verticalite-chat, perchoir-chat",articles/cluster-8-territoire-chat/verticalite-hauteur-chat.html,PROMPTS-IMAGES_CH8_territoire-chat.md,6,2
11,cluster-transitions-chat,PILIER,transitions-vie-chat,,Les grandes transitions de la vie du chat : les accompagner,Accompagner les transitions de vie du chat,"Déménagement, bébé, nouvel animal, travaux, vacances, deuil : le principe commun à toutes les transitions du chat.","Un chat n'a pas vu venir le changement qui bouscule son monde. Voici le principe qui relie toutes les transitions, et comment l'accompagner.","cluster-transitions-chat, transitions-chat, routine-chat",articles/cluster-11-transitions-chat/transitions-vie-chat.html,PROMPTS-IMAGES_CH11_transitions-chat.md,22,3
11,cluster-transitions-chat,SAT06,accueillir-chat-adulte,transitions-vie-chat,Accueillir un chat adulte à la maison,Accueillir un chat adulte à la maison,"Ce qui distingue l'adulte du chaton, comment respecter une histoire que l'on ne connaît pas, laisser le chat mener les contacts et installer vite une routine.",Un chat adulte arrive avec un caractère déjà formé. Voici comment l'accueillir sans brusquer ce qu'il a déjà construit.,"cluster-transitions-chat, chat-adulte, accueil-chat",articles/cluster-11-transitions-chat/accueillir-chat-adulte.html,PROMPTS-IMAGES_CH11_transitions-chat.md,7,2
11,cluster-transitions-chat,SAT05,adopter-chat-refuge-premiers-jours,transitions-vie-chat,Adopter un chat de refuge : les premiers jours,Adopter un chat de refuge,"Pourquoi un chat de refuge arrive lesté de stress, pourquoi se cacher est normal, comment installer la pièce refuge et ouvrir la maison à son rythme.","Votre chat de refuge file sous le lit et n'en sort plus. Voici pourquoi c'est normal, et comment aborder les premiers jours.","cluster-transitions-chat, adoption-refuge, chat-qui-se-cache",articles/cluster-11-transitions-chat/adopter-chat-refuge-premiers-jours.html,PROMPTS-IMAGES_CH11_transitions-chat.md,8,2
11,cluster-transitions-chat,SAT07,changement-rythme-vie-chat,transitions-vie-chat,Quand le rythme de la maison change pour le chat,Chat : quand le rythme de la maison change,"Reprise du travail, télétravail, horaires décalés, nouveau conjoint : pourquoi le chat lit le tempo du foyer et non l'agenda.","Rien n'a bougé dans le logement, et pourtant votre chat a changé. Voici comment accompagner un changement de rythme.","cluster-transitions-chat, rythme-chat, previsibilite-chat",articles/cluster-11-transitions-chat/changement-rythme-vie-chat.html,PROMPTS-IMAGES_CH11_transitions-chat.md,9,2
11,cluster-transitions-chat,SAT04,chat-et-nouvel-animal-transition,transitions-vie-chat,Préparer son chat à l'arrivée d'un nouvel animal,Chat : préparer l'arrivée d'un nouvel animal,"Ressources en n+1, pièce dédiée au nouvel arrivant, échange d'odeurs avant tout contact visuel : ce qui se prépare en amont, côté chat déjà là.","Une arrivée réussie ne commence pas le jour de la rencontre. Voici ce qui se prépare avant, pour le chat déjà là.","cluster-transitions-chat, nouvel-animal, ressources-chat",articles/cluster-11-transitions-chat/chat-et-nouvel-animal-transition.html,PROMPTS-IMAGES_CH11_transitions-chat.md,12,2
11,cluster-transitions-chat,SAT02,chat-nouveau-logement-adaptation,transitions-vie-chat,Aider son chat à s'approprier un nouveau logement,Chat : s'approprier un nouveau logement,"Pièce refuge, diffusion des odeurs, réétiquetage par frottements, ouverture pièce par pièce, cachettes et hauteur : le pas-à-pas pour qu'un logement neuf.","Un logement neuf ne porte encore aucune trace de votre chat. Voici le pas-à-pas pour qu'il se l'approprie, pièce par pièce.","cluster-transitions-chat, nouveau-logement-chat, territoire-chat",articles/cluster-11-transitions-chat/chat-nouveau-logement-adaptation.html,PROMPTS-IMAGES_CH11_transitions-chat.md,11,2
11,cluster-transitions-chat,SAT01,demenager-avec-chat,transitions-vie-chat,"Déménager avec son chat : avant, pendant, après",Déménager avec son chat,"Ce que l'on prépare avant, comment sécuriser le jour J, comment installer le chat après : le déménagement étape par étape.","Le déménagement efface d'un coup le territoire et la routine du chat. Voici comment l'accompagner avant, pendant et après.","cluster-transitions-chat, demenagement-chat, territoire-chat",articles/cluster-11-transitions-chat/demenager-avec-chat.html,PROMPTS-IMAGES_CH11_transitions-chat.md,7,2
11,cluster-transitions-chat,SAT10,deuil-perte-compagnon-chat,transitions-vie-chat,Le chat après la perte d'un compagnon,Le chat après la perte d'un compagnon,"Ce que l'on observe chez un chat après la disparition d'un animal ou d'une personne du foyer, ce que l'on ignore de son ressenti.","Après une perte, le chat de la maison semble lui aussi désorienté. Voici ce que l'on observe, et ce qui peut l'aider.","cluster-transitions-chat, perte-compagnon, routine-chat",articles/cluster-11-transitions-chat/deuil-perte-compagnon-chat.html,PROMPTS-IMAGES_CH11_transitions-chat.md,7,2
11,cluster-transitions-chat,SAT12,idees-recues-transitions-chat,transitions-vie-chat,Transitions du chat : les idées reçues qui font du tort,Transitions du chat : les idées reçues,"« Les chats s'adaptent à tout », « il boude », « il s'y fera tout seul », « un deuxième chat consolera le survivant » : six croyances passées au crible du.",Certaines phrases toutes faites conduisent à ne rien faire. Voici ce que valent les idées reçues sur les transitions.,"cluster-transitions-chat, idees-recues-chat, comportement-felin",articles/cluster-11-transitions-chat/idees-recues-transitions-chat.html,PROMPTS-IMAGES_CH11_transitions-chat.md,8,2
11,cluster-transitions-chat,SAT03,preparer-chat-arrivee-bebe,transitions-vie-chat,"Préparer son chat à l'arrivée d'un bébé, mois par mois",Préparer son chat à l'arrivée d'un bébé,"Anticiper plusieurs mois à l'avance change tout : habituer le chat aux sons et aux odeurs, installer la chambre tôt.","Un bébé bouscule tout en même temps pour un chat. Voici comment préparer sa venue des mois à l'avance, sans l'exclure.","cluster-transitions-chat, chat-et-bebe, toxoplasmose",articles/cluster-11-transitions-chat/preparer-chat-arrivee-bebe.html,PROMPTS-IMAGES_CH11_transitions-chat.md,10,2
11,cluster-transitions-chat,SAT11,reconnaitre-chat-perturbe-changement,transitions-vie-chat,Reconnaître un chat perturbé par un changement,Repérer un chat perturbé par un changement,"Retrait, malpropreté, toilettage excessif, appétit, vocalises, hypervigilance : lire les signes d'un chat perturbé, écarter d'abord une cause médicale.","Votre chat a changé depuis un événement récent. Voici les signes à lire, et l'ordre dans lequel il faut les examiner.","cluster-transitions-chat, signes-stress-chat, changement-comportement",articles/cluster-11-transitions-chat/reconnaitre-chat-perturbe-changement.html,PROMPTS-IMAGES_CH11_transitions-chat.md,12,2
11,cluster-transitions-chat,SAT08,travaux-reamenagement-chat,transitions-vie-chat,Travaux et réaménagement : accompagner son chat,Travaux et réaménagement : protéger son chat,"Bruit, ouvriers, meubles déplacés : les dangers concrets d'un chantier, la pièce refuge pendant les travaux.","Un chantier déforme le territoire du chat d'heure en heure. Voici comment le protéger pendant, et le réinstaller après.","cluster-transitions-chat, travaux-chat, amenagement-chat",articles/cluster-11-transitions-chat/travaux-reamenagement-chat.html,PROMPTS-IMAGES_CH11_transitions-chat.md,9,2
11,cluster-transitions-chat,SAT09,vacances-garde-chat,transitions-vie-chat,Vacances : quel mode de garde pour son chat,Vacances : quel mode de garde pour son chat,"Garde à domicile ou pension féline : ce que chaque solution préserve ou bouscule, comment arbitrer selon le chat et la durée.","Domicile ou pension, le bon choix dépend de votre chat. Voici comment arbitrer, préparer le départ et gérer le retour.","cluster-transitions-chat, garde-chat, pension-feline",articles/cluster-11-transitions-chat/vacances-garde-chat.html,PROMPTS-IMAGES_CH11_transitions-chat.md,8,2
19,cluster-chaton-accueil-chat,PILIER,accueillir-chaton,,Accueillir un chaton : le guide de l'accueil et des premiers jours,Accueillir un chaton : les premiers jours,"Choisir son chaton, préparer la maison, réussir le retour, les premiers jours et les présentations : toute la carte de l'accueil du chaton.","Vous venez d'accueillir un chaton et les questions se bousculent. Voici la carte de l'accueil et des premiers jours, dans l'ordre où cela compte.","cluster-chaton-accueil-chat, accueillir-chaton, premiers-jours-chaton",articles/cluster-19-chaton-accueil-chat/accueillir-chaton.html,PROMPTS-IMAGES_CH19_chaton-accueil-chat.md,29,3
19,cluster-chaton-alimentation-chat,PILIER,alimentation-chaton,,L'alimentation du chaton : bien le nourrir au quotidien,Alimentation du chaton : bien débuter,"Aliment de croissance, rythme des repas, transition en douceur et eau : les bases pour bien nourrir un chaton, avec le réflexe vétérinaire.","Votre chaton grandit vite et vous doutez de son assiette ? Voici les bases pour bien le nourrir, du sevrage à l'âge adulte.","cluster-chaton-alimentation-chat, alimentation-chaton, nourrir-chaton",articles/cluster-19-chaton-alimentation-chat/alimentation-chaton.html,PROMPTS-IMAGES_CH19_chaton-alimentation-chat.md,17,3
19,cluster-chaton-jeu-chat,SAT02,dentition-chaton,jeu-chaton,La dentition du chaton : calendrier et repères,La dentition du chaton : le calendrier,"Deux dentitions, 26 dents de lait puis 30 définitives entre 4 et 7 mois : le calendrier dentaire du chaton et ce qui doit alerter.","Votre chaton fait ses dents ? Voici le calendrier de sa bouche, les mordillements de poussée, et les signes qui doivent alerter.","cluster-chaton-jeu-chat, dentition-chaton, dents-chaton",articles/cluster-19-chaton-jeu-chat/dentition-chaton.html,PROMPTS-IMAGES_CH19_chaton-jeu-chat.md,6,2
19,cluster-chaton-accueil-chat,SAT04,erreurs-accueil-chaton,accueillir-chaton,Idées reçues et erreurs à l'arrivée d'un chaton,Les erreurs à l'arrivée d'un chaton,"Adopter trop jeune, le porter sans arrêt, le sortir trop tôt, le laisser seul : les idées reçues de l'accueil, au format mythe et réalité.","Les erreurs d'accueil sont presque toujours des erreurs d'affection. Voici les idées reçues tenaces de l'arrivée, et ce que la réalité en dit.","cluster-chaton-accueil-chat, erreurs-chaton, idees-recues-chat",articles/cluster-19-chaton-accueil-chat/erreurs-accueil-chaton.html,PROMPTS-IMAGES_CH19_chaton-accueil-chat.md,9,2
19,cluster-chaton-jeu-chat,PILIER,jeu-chaton,,"Le jeu du chaton : chasser, mordiller, se dépenser",Jeu du chaton : besoins et mordillements,"Pourquoi le chaton joue et mord, comment canaliser ses mordillements sans le punir, quel rythme de jeu adopter et quand consulter.","Votre chaton bondit, mord, se dépense sans fin ? Voici pourquoi le jeu et les morsures vont de pair, et comment bien l'accompagner.","cluster-chaton-jeu-chat, jeu-chaton, mordillements-chaton",articles/cluster-19-chaton-jeu-chat/jeu-chaton.html,PROMPTS-IMAGES_CH19_chaton-jeu-chat.md,20,3
19,cluster-chaton-socialisation-chat,SAT01,manipuler-habituer-chaton,socialisation-chaton,"Habituer son chaton aux manipulations, aux soins et au transport",Habituer son chaton aux manipulations,"Toucher tout le corps, apprivoiser la brosse et le transporteur, aborder la voiture : la méthode par petits paliers pour un chat facile à soigner.","Couper une griffe ne devrait jamais tourner à la lutte. Voici comment habituer votre chaton aux soins, par paliers et sans forcer.","cluster-chaton-socialisation-chat, manipulation-chaton, transporteur-chat",articles/cluster-19-chaton-socialisation-chat/manipuler-habituer-chaton.html,PROMPTS-IMAGES_CH19_chaton-socialisation-chat.md,7,2
19,cluster-chaton-jeu-chat,SAT01,morsures-griffades-jeu-chaton,jeu-chaton,Morsures et griffades du jeu : canaliser sans punir,Morsures du chaton en jeu : que faire,"Un chaton qui mord en jouant n'est pas agressif. La méthode pour canaliser morsures et griffades du jeu, sans jamais le punir.","Votre chaton mord et griffe en jouant ? Voici comment rediriger son instinct vers ses jouets, sans crier ni le punir.","cluster-chaton-jeu-chat, morsures-griffades-jeu-chaton, canaliser-morsures",articles/cluster-19-chaton-jeu-chat/morsures-griffades-jeu-chaton.html,PROMPTS-IMAGES_CH19_chaton-jeu-chat.md,7,2
19,cluster-chaton-accueil-chat,SAT03,premiers-jours-chaton,accueillir-chaton,Les premiers jours d'un chaton à la maison,Les premiers jours d'un chaton à la maison,"Pièce refuge, élargissement du territoire, adaptation en douceur : comment accompagner un chaton sans le brusquer pendant les premiers jours.","Votre chaton se cache et vous n'osez plus bouger. Voici comment traverser ces premiers jours en douceur, et ce qui doit vous alerter.","cluster-chaton-accueil-chat, premiers-jours-chaton, adaptation-chaton",articles/cluster-19-chaton-accueil-chat/premiers-jours-chaton.html,PROMPTS-IMAGES_CH19_chaton-accueil-chat.md,10,2
19,cluster-chaton-accueil-chat,SAT01,preparer-arrivee-chaton,accueillir-chaton,Préparer l'arrivée d'un chaton : le matériel essentiel,Préparer l'arrivée d'un chaton : le matériel,"Couchage, gamelles, bac à bords bas, griffoir, transporteur, jouets et pièce refuge : ce qu'il faut réunir avant l'arrivée du chaton.",Un chaton arrive bientôt chez vous. Voici le matériel à réunir avant le jour J et la façon de l'installer pour lui offrir un cadre lisible.,"cluster-chaton-accueil-chat, materiel-chaton, arrivee-chaton",articles/cluster-19-chaton-accueil-chat/preparer-arrivee-chaton.html,PROMPTS-IMAGES_CH19_chaton-accueil-chat.md,10,2
19,cluster-chaton-sante-chat,SAT01,sante-chaton-premier-veterinaire,sante-chaton,La première visite chez le vétérinaire avec son chaton,Chaton : la première visite vétérinaire,"Quand programmer la première visite du chaton, comment se déroule l'examen, quoi demander et comment préparer un rendez-vous serein.","La première visite vétérinaire de votre chaton approche. Voici son déroulé, les bonnes questions et comment l'aborder au calme.","cluster-chaton-sante-chat, premiere-visite-chaton, veterinaire-chaton",articles/cluster-19-chaton-sante-chat/sante-chaton-premier-veterinaire.html,PROMPTS-IMAGES_CH19_chaton-sante-chat.md,5,2
19,cluster-chaton-accueil-chat,SAT02,securiser-maison-chaton,accueillir-chaton,Sécuriser sa maison pour un chaton : le tour des pièces,Sécuriser sa maison pour l'arrivée du chaton,"Cuisine, salon, fenêtres et balcons, plantes toxiques comme le lys, machines et recoins : le tour des dangers domestiques vus à hauteur de chaton.","Une maison ordinaire cache bien des pièges pour un chaton. Voici le tour des pièces à faire avant son arrivée, calmement et une bonne fois.","cluster-chaton-accueil-chat, securite-maison-chat, dangers-domestiques-chat",articles/cluster-19-chaton-accueil-chat/securiser-maison-chaton.html,PROMPTS-IMAGES_CH19_chaton-accueil-chat.md,6,2
19,cluster-chaton-socialisation-chat,PILIER,socialisation-chaton,,La socialisation du chaton : le guide complet,La socialisation du chaton : le guide,"Fenêtre sensible, exposition positive, méthode sans forcer, rattrapage et réflexe vétérinaire : tout comprendre pour un chat adulte confiant.","Les premières semaines façonnent le chat adulte. Voici comment accompagner la socialisation de votre chaton, sans jamais le brusquer.","cluster-chaton-socialisation-chat, socialisation-chaton, fenetre-sensible-chaton",articles/cluster-19-chaton-socialisation-chat/socialisation-chaton.html,PROMPTS-IMAGES_CH19_chaton-socialisation-chat.md,18,3
19,cluster-chaton-sante-chat,SAT02,sommeil-croissance-chaton,sante-chaton,Le sommeil et la croissance du chaton,Le sommeil et la croissance du chaton,"Pourquoi un chaton dort autant, comment respecter son repos, ses étapes de développement et le signe qui doit vous alerter.","Votre chaton dort presque tout le temps et vous vous demandez si c'est normal. Voici pourquoi, et ce qui doit alerter.","cluster-chaton-sante-chat, sommeil-chaton, croissance-chaton",articles/cluster-19-chaton-sante-chat/sommeil-croissance-chaton.html,PROMPTS-IMAGES_CH19_chaton-sante-chat.md,7,2
12,cluster-senior-chat,PILIER,chat-senior-vieillissement,,Le chat senior : accompagner son chat qui vieillit,Chat senior : accompagner son vieillissement,"Les étapes de la vie, les signes discrets, le confort, le corps, le repos, le très grand âge : le guide complet pour accompagner un chat qui vieillit.","Votre chat ralentit doucement. Voici comment lire ces changements, adapter son quotidien et savoir quand faire examiner.","cluster-senior-chat, chat-senior, vieillissement-chat",articles/cluster-12-senior-chat/chat-senior-vieillissement.html,PROMPTS-IMAGES_CH12_senior-chat.md,17,3
12,cluster-senior-chat,SAT02,adapter-maison-chat-age,chat-senior-vieillissement,Adapter sa maison à un chat âgé : le guide du confort,Adapter sa maison au chat âgé : le confort,"Accès facilités, ressources rapprochées, chaleur et couchages moelleux, sols sûrs, litière à bord bas : comment aménager un logement pour un chat âgé.",Votre chat renonce peu à peu aux endroits en hauteur. Voici comment adapter votre logement pour lui épargner les gestes coûteux.,"cluster-senior-chat, amenagement-chat-age, confort-chat-senior",articles/cluster-12-senior-chat/adapter-maison-chat-age.html,PROMPTS-IMAGES_CH12_senior-chat.md,9,2
12,cluster-senior-chat,SAT05,alimentation-hydratation-chat-senior,chat-senior-vieillissement,Alimentation et hydratation du chat senior : faciliter le quotidien,Alimentation et hydratation du chat senior,"Points d'eau multipliés, alimentation humide, gamelles à bonne hauteur, repas fractionnés : comment faciliter le boire et le manger d'un chat âgé.",Un vieux chat boit souvent trop peu. Voici comment l'inviter à boire et rendre ses repas plus faciles pour un corps raidi.,"cluster-senior-chat, hydratation-chat, alimentation-chat-senior",articles/cluster-12-senior-chat/alimentation-hydratation-chat-senior.html,PROMPTS-IMAGES_CH12_senior-chat.md,6,2
12,cluster-senior-chat,SAT03,arthrose-chat-senior,chat-senior-vieillissement,L'arthrose du chat senior : la repérer et alléger son quotidien,Arthrose du chat senior : repérer les signes,"Très fréquente et pourtant presque invisible, l'arthrose du chat âgé se lit dans ses renoncements quotidiens plutôt que dans une boiterie.",Un chat arthrosique ne boite presque jamais. Voici les signes discrets à repérer et les aménagements qui allègent ses gestes.,"cluster-senior-chat, arthrose-chat, douleur-chat-age",articles/cluster-12-senior-chat/arthrose-chat-senior.html,PROMPTS-IMAGES_CH12_senior-chat.md,6,2
12,cluster-senior-chat,SAT11,changements-comportement-chat-age,chat-senior-vieillissement,Les changements de comportement du chat âgé : que disent-ils ?,Comportement du chat âgé : ce qui change,"Agressivité nouvelle, cachettes, malpropreté, vocalises, besoin de contact modifié : chez un chat âgé.","Votre chat âgé n'est pas devenu grognon. Voici ce que ses changements de comportement peuvent traduire, et quoi faire ensuite.","cluster-senior-chat, comportement-chat-age, douleur-chat-senior",articles/cluster-12-senior-chat/changements-comportement-chat-age.html,PROMPTS-IMAGES_CH12_senior-chat.md,9,2
12,cluster-senior-chat,SAT10,confort-grand-age-fin-de-vie-chat,chat-senior-vieillissement,Accompagner un chat au très grand âge : le confort avant tout,Accompagner un chat au très grand âge,"Rapprocher l'essentiel, ajouter de la chaleur et du moelleux, garder les repères familiers, observer la qualité de vie jour après jour et en parler avec le.","Le très grand âge est une saison, pas une maladie. Voici les gestes simples qui rendent chaque journée plus douce à votre chat.","cluster-senior-chat, grand-age-chat, qualite-de-vie-chat",articles/cluster-12-senior-chat/confort-grand-age-fin-de-vie-chat.html,PROMPTS-IMAGES_CH12_senior-chat.md,7,2
12,cluster-senior-chat,SAT04,dysfonction-cognitive-chat-age,chat-senior-vieillissement,La dysfonction cognitive du chat âgé : reconnaître les signes,Dysfonction cognitive du chat âgé,"Désorientation, interactions modifiées, sommeil perturbé, malpropreté, vocalises nocturnes : lire la grille DISHA chez le chat âgé et pourquoi ces signes se.",Votre vieux chat semble perdu ou miaule la nuit. Voici ce que ces signes peuvent traduire et pourquoi le vétérinaire seul tranche.,"cluster-senior-chat, dysfonction-cognitive-chat, vocalises-nocturnes-chat",articles/cluster-12-senior-chat/dysfonction-cognitive-chat-age.html,PROMPTS-IMAGES_CH12_senior-chat.md,8,2
12,cluster-senior-chat,SAT12,idees-recues-chat-senior,chat-senior-vieillissement,Les idées reçues sur le chat senior : ce que l'âge ne dit pas,Idées reçues sur le chat senior : le vrai,"« Il maigrit, il boit beaucoup, il dort tout le temps, il est devenu grognon » : pourquoi ces phrases rassurantes masquent souvent des signaux qui méritent.",« C'est son âge » est la phrase qui trompe le plus. Voici les idées reçues sur le vieux chat et ce qu'elles masquent vraiment.,"cluster-senior-chat, idees-recues-chat, chat-age",articles/cluster-12-senior-chat/idees-recues-chat-senior.html,PROMPTS-IMAGES_CH12_senior-chat.md,8,2
12,cluster-senior-chat,SAT01,quand-chat-devient-senior,chat-senior-vieillissement,À partir de quand un chat est-il senior ?,À partir de quand un chat est-il senior ?,"Chaton, jeune adulte, mature de sept à dix ans, senior au-delà : les étapes de la vie du chat et les premiers signes discrets du vieillissement à repérer.","Le vieillissement d'un chat avance à pas feutrés. Voici les repères d'âge et les premiers signes à repérer, sans dramatiser.","cluster-senior-chat, age-chat, signes-vieillissement-chat",articles/cluster-12-senior-chat/quand-chat-devient-senior.html,PROMPTS-IMAGES_CH12_senior-chat.md,7,2
12,cluster-senior-chat,SAT06,sommeil-repos-chat-age,chat-senior-vieillissement,Le sommeil du chat âgé : repos paisible ou abattement ?,Sommeil du chat âgé : repos ou abattement ?,"Pourquoi un vieux chat dort davantage, ce qui fait un bon couchage, où le placer pour qu'il y accède sans effort.",Votre chat âgé dort de plus en plus. Voici comment lui offrir un vrai repos et repérer le moment où dormir devient un signal.,"cluster-senior-chat, sommeil-chat-age, couchage-chat-senior",articles/cluster-12-senior-chat/sommeil-repos-chat-age.html,PROMPTS-IMAGES_CH12_senior-chat.md,6,2
12,cluster-senior-chat,SAT08,stimuler-chat-age-en-douceur,chat-senior-vieillissement,Stimuler un chat âgé en douceur : jeu et enrichissement,Stimuler un chat âgé en douceur : le jeu,"Un vieux chat garde l'envie de guetter : séances courtes, jeu lent et près du sol, enrichissement doux, limites à respecter.","Votre chat âgé joue moins, mais l'envie ne s'éteint pas. Voici comment le stimuler en douceur sans jamais forcer son corps.","cluster-senior-chat, jeu-chat-age, stimulation-chat-senior",articles/cluster-12-senior-chat/stimuler-chat-age-en-douceur.html,PROMPTS-IMAGES_CH12_senior-chat.md,7,2
12,cluster-senior-chat,SAT09,suivi-veterinaire-chat-senior,chat-senior-vieillissement,Le suivi vétérinaire du chat senior : un rythme plus rapproché,Suivi vétérinaire du chat senior : le rythme,"Pourquoi les bilans se rapprochent avec l'âge, ce que le maître observe entre deux visites, et les maladies fréquentes du chat âgé.",Un chat âgé glisse sans bruit. Voici pourquoi son suivi se resserre et ce que vous pouvez observer entre deux rendez-vous.,"cluster-senior-chat, suivi-veterinaire-chat, sante-chat-senior",articles/cluster-12-senior-chat/suivi-veterinaire-chat-senior.html,PROMPTS-IMAGES_CH12_senior-chat.md,7,2
12,cluster-senior-chat,SAT07,toilettage-soins-chat-age,chat-senior-vieillissement,"Toilettage et soins du chat âgé : pelage, griffes et douceur",Toilettage du chat âgé : pelage et griffes,"Un vieux chat se toilette moins parce que se contorsionner lui coûte : poil terne, nœuds, griffes qui s'incarnent.",Le pelage de votre chat âgé se ternit et s'emmêle. Voici comment l'aider par un brossage doux et surveiller ses griffes.,"cluster-senior-chat, toilettage-chat-age, pelage-chat-senior",articles/cluster-12-senior-chat/toilettage-soins-chat-age.html,PROMPTS-IMAGES_CH12_senior-chat.md,7,2
11,cluster-transitions-chat,SAT13,deuil-perte-chat-cote-maitre,transitions-vie-chat,La perte de son chat : accompagner le deuil du maître,Perdre son chat : vivre et traverser le deuil,"La peine de perdre un chat est un deuil à part entière. Culpabilité après l'euthanasie, enfants et autres animaux du foyer, gestes qui aident et quand se faire accompagner.","La perte de votre chat laisse un vide immense et légitime. Voici comment traverser ce deuil, avec douceur et sans culpabilité.","cluster-transitions-chat, deuil-chat, perte-animal",articles/cluster-11-transitions-chat/deuil-perte-chat-cote-maitre.html,PROMPTS-IMAGES_CH11_transitions-chat.md,6,2
12,cluster-senior-chat,SAT13,toilettage-brossage-chat-adulte,chat-senior-vieillissement,"Le toilettage du chat adulte : brossage, nœuds et pelage sain",Toilettage du chat adulte : brossage et nœuds,"À quelle fréquence brosser selon le poil, quel outil choisir, comment défaire un nœud sans blesser, et quand un pelage qui change doit conduire chez le vétérinaire.","Votre chat se toilette seul, mais un brossage régulier l'aide. Voici la fréquence selon son poil et les gestes qui gardent un pelage sain.","cluster-senior-chat, toilettage-chat, brossage-chat",articles/cluster-12-senior-chat/toilettage-brossage-chat-adulte.html,PROMPTS-IMAGES_CH12_senior-chat.md,6,2
19,cluster-chaton-accueil-chat,SAT07,adopter-chaton-refuge-eleveur,accueillir-chaton,"Adopter un chaton : refuge, éleveur et cadre légal",Adopter un chaton : refuge ou éleveur,"Refuge, éleveur ou particulier, les signes d'un chaton bien né, et le cadre légal de la cession : identification et documents obligatoires.",Où adopter votre chaton et comment reconnaître un bon départ ? Voici les repères et les obligations légales à connaître avant de vous engager.,"cluster-chaton-accueil-chat, adopter-chaton, identification-chat",articles/cluster-19-chaton-accueil-chat/adopter-chaton-refuge-eleveur.html,PROMPTS-IMAGES_CH19_chaton-accueil-chat.md,5,2
19,cluster-chaton-accueil-chat,SAT06,age-adoption-chaton,accueillir-chaton,À quel âge adopter un chaton : le bon repère,À quel âge adopter un chaton en France,"Le minimum légal de huit semaines, le repère de huit à douze semaines, et pourquoi ne pas séparer un chaton trop tôt de sa mère et de sa fratrie.","À quel âge un chaton est-il prêt à vous rejoindre ? Voici le minimum légal, le bon repère, et pourquoi ne pas précipiter la séparation.","cluster-chaton-accueil-chat, age-adoption-chaton, adopter-chaton",articles/cluster-19-chaton-accueil-chat/age-adoption-chaton.html,PROMPTS-IMAGES_CH19_chaton-accueil-chat.md,5,2
19,cluster-chaton-accueil-chat,SAT12,budget-premiere-annee-chaton,accueillir-chaton,Le budget d'un chaton la première année,Le budget du chaton la première année,"Frais d'arrivée, soins vétérinaires, alimentation, assurance et imprévus : les postes de dépense de la première année, sans montant inventé.",Combien coûte un chaton la première année ? Voici les postes de dépense à anticiper et la méthode pour bâtir votre budget sans surprise.,"cluster-chaton-accueil-chat, budget-chaton, cout-chaton",articles/cluster-19-chaton-accueil-chat/budget-premiere-annee-chaton.html,PROMPTS-IMAGES_CH19_chaton-accueil-chat.md,4,2
19,cluster-chaton-accueil-chat,SAT11,chaton-seul-maison-absences,accueillir-chaton,Laisser un chaton seul à la maison pendant les absences,Laisser un chaton seul pendant l'absence,"Combien de temps un chaton peut rester seul selon son âge, comment sécuriser la pièce, l'occuper et l'habituer aux absences par paliers, sans le brusquer.","Vous travaillez et craignez de laisser votre chaton seul. Voici combien de temps, comment sécuriser et l'occuper pendant vos absences.","cluster-chaton-accueil-chat, chaton-seul, absences-chat",articles/cluster-19-chaton-accueil-chat/chaton-seul-maison-absences.html,PROMPTS-IMAGES_CH19_chaton-accueil-chat.md,4,2
19,cluster-chaton-accueil-chat,SAT05,choisir-nom-chaton,accueillir-chaton,Choisir le nom de son chaton et le lui apprendre,Choisir et apprendre le nom du chaton,"Ce qui fait un nom que le chat repère bien, comment le choisir, et la méthode douce pour le lui apprendre par l'association positive.","Quel nom donner à votre chaton, et comment le lui apprendre ? Voici ce qui fait un bon nom et la méthode douce pour qu'il y réponde.","cluster-chaton-accueil-chat, nom-chaton, apprendre-nom-chat",articles/cluster-19-chaton-accueil-chat/choisir-nom-chaton.html,PROMPTS-IMAGES_CH19_chaton-accueil-chat.md,2,2
19,cluster-chaton-accueil-chat,SAT09,premieres-nuits-chaton,accueillir-chaton,Les premières nuits d'un chaton à la maison,Les premières nuits d'un chaton à la maison,"Pourquoi un chaton pleure la nuit, où le faire dormir, comment préparer une nuit apaisée et répondre à ses pleurs sans renforcer la détresse.",Votre chaton pleure la nuit et vous ne savez plus quoi faire. Voici comment l'apaiser sans lui apprendre que pleurer fait tout venir.,"cluster-chaton-accueil-chat, premieres-nuits-chaton, sommeil-chaton",articles/cluster-19-chaton-accueil-chat/premieres-nuits-chaton.html,PROMPTS-IMAGES_CH19_chaton-accueil-chat.md,4,2
19,cluster-chaton-accueil-chat,SAT10,presenter-chaton-enfants,accueillir-chaton,Présenter un chaton aux enfants en toute sécurité,Présenter un chaton aux enfants en douceur,"Préparer des rencontres calmes, les gestes à proscrire, apprendre à l'enfant à lire l'inconfort du chaton et adapter la surveillance à son âge.","L'arrivée d'un chaton ravit les enfants. Voici comment préparer ces rencontres, les gestes à éviter et les signaux à leur apprendre.","cluster-chaton-accueil-chat, chaton-enfants, securite-enfant-chat",articles/cluster-19-chaton-accueil-chat/presenter-chaton-enfants.html,PROMPTS-IMAGES_CH19_chaton-accueil-chat.md,4,2
19,cluster-chaton-accueil-chat,SAT08,ramener-chaton-maison-voiture,accueillir-chaton,Ramener son chaton à la maison en voiture,Ramener son chaton à la maison en voiture,"Choisir et préparer le transporteur, réussir le trajet en voiture au calme, gérer le stress du chaton et l'accueillir en douceur dès l'arrivée à la maison.","Le jour du retour, comment ramener votre chaton sans le paniquer ? Voici le transporteur, le trajet et la première heure à la maison, au calme.","cluster-chaton-accueil-chat, transport-chaton, transporteur-chat",articles/cluster-19-chaton-accueil-chat/ramener-chaton-maison-voiture.html,PROMPTS-IMAGES_CH19_chaton-accueil-chat.md,4,2
19,cluster-chaton-proprete-chat,PILIER,proprete-chaton,,La propreté du chaton : le guide complet,La propreté du chaton : le guide complet,"Instinct, mise en place à l'arrivée, délais normaux, accidents et quand consulter : le guide complet de la propreté du chaton, sans dressage.","La propreté d'un chaton n'est pas un dressage. Voici comment l'accompagner, ce qui est normal, et à quel moment s'inquiéter.","cluster-chaton-proprete-chat, proprete-chaton, litiere-chaton",articles/cluster-19-chaton-proprete-chat/proprete-chaton.html,PROMPTS-IMAGES_CH19_chaton-proprete-chat.md,10,3
19,cluster-chaton-proprete-chat,SAT03,chaton-fait-pipi-hors-litiere,proprete-chaton,Mon chaton fait pipi hors de la litière : que faire ?,Chaton qui fait pipi hors de la litière,"Un chaton qui fait à côté n'est jamais capricieux. Les causes fréquentes chez le jeune, la gestion sans punition, et le réflexe vétérinaire d'abord.","Votre chaton fait pipi hors de sa litière ? Voici les causes chez le jeune, et pourquoi la santé passe avant tout réglage.","cluster-chaton-proprete-chat, chaton-pipi-hors-litiere, accident-chaton",articles/cluster-19-chaton-proprete-chat/chaton-fait-pipi-hors-litiere.html,PROMPTS-IMAGES_CH19_chaton-proprete-chat.md,6,2
19,cluster-chaton-proprete-chat,SAT04,chaton-mange-litiere-danger,proprete-chaton,Mon chaton mange la litière : est-ce dangereux ?,Chaton qui mange la litière : danger ?,"Pourquoi un chaton mange sa litière, le vrai risque des litières agglomérantes, la litière prudente à choisir, et quand consulter un vétérinaire.","Votre chaton porte la litière à la bouche ? Voici quand c'est bénin, quand c'est un risque, et quoi choisir pour son âge.","cluster-chaton-proprete-chat, chaton-mange-litiere, litiere-non-agglomerante",articles/cluster-19-chaton-proprete-chat/chaton-mange-litiere-danger.html,PROMPTS-IMAGES_CH19_chaton-proprete-chat.md,3,2
19,cluster-chaton-proprete-chat,SAT02,chaton-propre-combien-temps,proprete-chaton,Chaton propre : à quel âge et en combien de temps ?,"Chaton propre : à quel âge, combien de temps","À quel âge un chaton est propre, pourquoi le délai varie, comment distinguer un apprentissage en cours d'un vrai problème, et quand consulter.","Au bout de combien de temps un chaton est-il propre ? Voici ce qui est normal, ce qui varie, et ce qui doit vous alerter.","cluster-chaton-proprete-chat, chaton-propre, delai-proprete",articles/cluster-19-chaton-proprete-chat/chaton-propre-combien-temps.html,PROMPTS-IMAGES_CH19_chaton-proprete-chat.md,3,2
19,cluster-chaton-proprete-chat,SAT05,erreurs-proprete-chaton,proprete-chaton,Propreté du chaton : les erreurs et idées reçues,Propreté du chaton : les erreurs à éviter,"Mettre le nez dedans, gronder, bac trop haut, litière parfumée : les idées reçues qui compliquent la propreté du chaton, démontées une à une.","Punir un chaton n'apprend rien de la litière. Voici les erreurs qui retardent sa propreté, et quoi faire à la place.","cluster-chaton-proprete-chat, erreurs-proprete-chaton, punition-chat",articles/cluster-19-chaton-proprete-chat/erreurs-proprete-chaton.html,PROMPTS-IMAGES_CH19_chaton-proprete-chat.md,4,2
19,cluster-chaton-proprete-chat,SAT07,ou-placer-litiere-chaton,proprete-chaton,Où placer la litière d'un chaton à son arrivée ?,Où placer la litière du chaton à l'arrivée,"Où poser la litière d'un chaton à son arrivée : près de son couchage, à l'écart de la gamelle, accessible, plusieurs points rapprochés au début.",Un bon bac au mauvais endroit ne sert à rien. Voici où placer la litière de votre chaton dès son arrivée.,"cluster-chaton-proprete-chat, emplacement-litiere-chaton, arrivee-chaton",articles/cluster-19-chaton-proprete-chat/ou-placer-litiere-chaton.html,PROMPTS-IMAGES_CH19_chaton-proprete-chat.md,4,2
19,cluster-chaton-proprete-chat,SAT06,premiere-litiere-chaton-choisir,proprete-chaton,Première litière et premier bac du chaton : que choisir ?,Quelle première litière pour un chaton,"Le premier bac et la première litière d'un chaton se choisissent sur un critère, l'accès : bords bas, litière fine non agglomérante, sans couvercle.",Quel bac et quelle litière pour un chaton qui arrive ? Voici le seul critère qui compte au démarrage : la facilité d'accès.,"cluster-chaton-proprete-chat, premiere-litiere-chaton, bac-chaton",articles/cluster-19-chaton-proprete-chat/premiere-litiere-chaton-choisir.html,PROMPTS-IMAGES_CH19_chaton-proprete-chat.md,4,2
19,cluster-chaton-proprete-chat,SAT08,transition-litiere-chaton,proprete-chaton,Changer la litière d'un chaton en douceur,Changer la litière d'un chaton en douceur,"Garder d'abord la litière de l'élevage, puis changer progressivement : comment réussir la transition de litière d'un chaton sans provoquer de refus.",Changer la litière d'un chaton trop vite provoque des refus. Voici comment faire la transition en douceur.,"cluster-chaton-proprete-chat, transition-litiere-chaton, changer-litiere",articles/cluster-19-chaton-proprete-chat/transition-litiere-chaton.html,PROMPTS-IMAGES_CH19_chaton-proprete-chat.md,3,2
19,cluster-chaton-socialisation-chat,SAT10,adopter-un-ou-deux-chatons,socialisation-chaton,Adopter un ou deux chatons ?,Faut-il adopter un ou deux chatons ?,"Un seul chaton ou deux ? Ce que change un compagnon de portée sur le jeu, l'énergie et le développement social, et comment peser ce choix sans idée reçue.","Un chaton ou deux ? Voici ce qu'un compagnon de portée apporte, ce qu'il ne règle pas, et comment décider selon votre foyer.","cluster-chaton-socialisation-chat, adopter-deux-chatons, developpement-social-chaton",articles/cluster-19-chaton-socialisation-chat/adopter-un-ou-deux-chatons.html,PROMPTS-IMAGES_CH19_chaton-socialisation-chat.md,6,2
19,cluster-chaton-socialisation-chat,SAT05,chaton-autres-animaux-socialisation,socialisation-chaton,Socialiser son chaton aux autres animaux,Socialiser son chaton aux autres animaux,"Exposer un chaton au chien du foyer ou à un autre chat pendant la fenêtre sensible, dans le calme et sans forcer : les bases d'une rencontre sereine.","Chien ou autre chat à la maison ? Voici comment poser des bases sereines pendant la fenêtre, sans jamais forcer la rencontre.","cluster-chaton-socialisation-chat, chaton-autres-animaux, chaton-chien",articles/cluster-19-chaton-socialisation-chat/chaton-autres-animaux-socialisation.html,PROMPTS-IMAGES_CH19_chaton-socialisation-chat.md,6,2
19,cluster-chaton-socialisation-chat,SAT08,chaton-caresses-contact-positif,socialisation-chaton,"Le chaton, les caresses et le contact positif",Chaton : caresses et contact positif,"Où et comment caresser un chaton, quelles zones éviter, comment lire ses signaux pour s'arrêter à temps : construire la confiance par le contact.","Bien caresser un chaton, cela s'apprend. Voici les bonnes zones, les signaux à lire, et comment bâtir la confiance sans excès.","cluster-chaton-socialisation-chat, caresses-chaton, contact-positif-chat",articles/cluster-19-chaton-socialisation-chat/chaton-caresses-contact-positif.html,PROMPTS-IMAGES_CH19_chaton-socialisation-chat.md,6,2
19,cluster-chaton-socialisation-chat,SAT09,chaton-timide-gagner-confiance,socialisation-chaton,Chaton timide : l'aider à gagner en confiance,Chaton timide : gagner en confiance,"Refuge, patience et petits paliers pour aider un chaton réservé à s'ouvrir, et savoir distinguer la timidité d'une peur installée à confier à un pro.","Un chaton réservé n'est pas un chaton malheureux. Voici comment l'aider à gagner en confiance, à son rythme et sans le forcer.","cluster-chaton-socialisation-chat, chaton-timide, confiance-chaton",articles/cluster-19-chaton-socialisation-chat/chaton-timide-gagner-confiance.html,PROMPTS-IMAGES_CH19_chaton-socialisation-chat.md,5,2
19,cluster-chaton-socialisation-chat,SAT12,erreurs-socialisation-chaton,socialisation-chaton,Les erreurs de socialisation du chaton,Les erreurs de socialisation du chaton,"Trop tard, isoler pour protéger, forcer pour habituer : six idées reçues sur la socialisation du chaton passées au format mythe et réalité.","Isoler un chaton pour le protéger ? Le forcer pour l'habituer ? Voici six idées reçues sur la socialisation, et ce qu'en dit la réalité.","cluster-chaton-socialisation-chat, erreurs-socialisation-chaton, idees-recues-chaton",articles/cluster-19-chaton-socialisation-chat/erreurs-socialisation-chaton.html,PROMPTS-IMAGES_CH19_chaton-socialisation-chat.md,5,2
19,cluster-chaton-socialisation-chat,SAT02,fenetre-socialisation-chaton-age,socialisation-chaton,La fenêtre de socialisation du chaton : à quel âge ?,Fenêtre de socialisation du chaton : l'âge,"Entre deux et sept semaines, jusque vers neuf ou dix : ce qu'est la période sensible, pourquoi elle est souvent déjà passée, et ce qui reste possible.","À quel âge un chaton se socialise-t-il ? Voici la période sensible, ses limites, et pourquoi rien n'est joué quand elle est passée.","cluster-chaton-socialisation-chat, fenetre-socialisation-chaton, periode-sensible-chat",articles/cluster-19-chaton-socialisation-chat/fenetre-socialisation-chaton-age.html,PROMPTS-IMAGES_CH19_chaton-socialisation-chat.md,5,2
19,cluster-chaton-socialisation-chat,SAT06,habituer-chaton-transport,socialisation-chaton,Habituer son chaton au transport : caisse et voiture,Habituer son chaton à la caisse et voiture,Rendre la caisse de transport familière et dédramatiser la voiture par paliers : la méthode pour des trajets et des rendez-vous vétérinaires sereins.,"Le transporteur ne devrait pas rimer avec panique. Voici comment habituer votre chaton à la caisse et à la voiture, sans stress.","cluster-chaton-socialisation-chat, chaton-transport, transporteur-chat",articles/cluster-19-chaton-socialisation-chat/habituer-chaton-transport.html,PROMPTS-IMAGES_CH19_chaton-socialisation-chat.md,5,2
19,cluster-chaton-socialisation-chat,SAT07,habituer-chaton-visiteurs,socialisation-chaton,Habituer son chaton aux visiteurs,Habituer son chaton aux invités et visites,"Gérer les visites sans stresser un chaton : laisser le contact venir de lui, briefer les invités, garder un refuge. La méthode pour des visites sereines.","Votre chaton se cache dès qu'on sonne ? Voici comment gérer les visites, sans jamais forcer le contact avec vos invités.","cluster-chaton-socialisation-chat, chaton-visiteurs, chaton-invites",articles/cluster-19-chaton-socialisation-chat/habituer-chaton-visiteurs.html,PROMPTS-IMAGES_CH19_chaton-socialisation-chat.md,5,2
19,cluster-chaton-socialisation-chat,SAT11,socialisation-chaton-refuge-eleveur,socialisation-chaton,La socialisation du chaton en refuge et chez l'éleveur,"Socialisation du chaton : refuge, éleveur","La fenêtre sensible se joue avant l'adoption : ce que change le lieu d'élevage, quoi observer et demander à l'éleveur ou au refuge avant d'adopter.",Le chat de demain se prépare avant l'adoption. Voici quoi observer et demander à l'éleveur ou au refuge pour bien choisir.,"cluster-chaton-socialisation-chat, chaton-refuge, chaton-eleveur",articles/cluster-19-chaton-socialisation-chat/socialisation-chaton-refuge-eleveur.html,PROMPTS-IMAGES_CH19_chaton-socialisation-chat.md,4,2
19,cluster-chaton-socialisation-chat,SAT04,socialiser-chaton-bruits-maison,socialisation-chaton,Habituer son chaton aux bruits de la maison,Habituer son chaton aux bruits maison,"Aspirateur, sonnette, télévision : désensibiliser un chaton aux bruits du foyer par la distance, le volume et l'association positive, sans le brusquer.","Votre chaton sursaute à l'aspirateur ? Voici comment l'habituer aux bruits de la maison, en douceur et par petits paliers.","cluster-chaton-socialisation-chat, chaton-bruits, desensibilisation-chat",articles/cluster-19-chaton-socialisation-chat/socialiser-chaton-bruits-maison.html,PROMPTS-IMAGES_CH19_chaton-socialisation-chat.md,5,2
19,cluster-chaton-socialisation-chat,SAT03,socialiser-chaton-humains,socialisation-chaton,Socialiser son chaton aux humains,Socialiser son chaton aux gens et enfants,"Exposer un chaton à des personnes variées, hommes, femmes, enfants, sans jamais forcer le contact : la méthode pour un chat sociable et confiant.","Un chaton apprend à faire confiance aux gens un à un. Voici comment lui présenter des personnes variées, sans jamais le forcer.","cluster-chaton-socialisation-chat, socialiser-chaton-humains, chaton-enfants",articles/cluster-19-chaton-socialisation-chat/socialiser-chaton-humains.html,PROMPTS-IMAGES_CH19_chaton-socialisation-chat.md,5,2
19,cluster-chaton-jeu-chat,SAT05,apprendre-chaton-ne-pas-mordre,jeu-chaton,Apprendre à un chaton à ne pas mordre,Apprendre au chaton à ne pas mordre,"Inhibition de la morsure, arrêt du jeu, redirection vers un jouet : comment apprendre à un chaton à contrôler ses dents, sans punir.","Comment apprendre à votre chaton à ne pas mordre ? Par la cohérence et le jeu, jamais par la punition. Voici la méthode.","cluster-chaton-jeu-chat, apprendre-chaton-ne-pas-mordre, inhibition-morsure",articles/cluster-19-chaton-jeu-chat/apprendre-chaton-ne-pas-mordre.html,PROMPTS-IMAGES_CH19_chaton-jeu-chat.md,5,2
19,cluster-chaton-jeu-chat,SAT10,chaton-hyperactif-surexcite,jeu-chaton,Le chaton hyperactif et surexcité,Chaton hyperactif : crises et surexcitation,"Courses folles, surexcitation, morsures qui débordent : comment reconnaître la bascule et canaliser l'énergie d'un chaton, par le jeu.",Votre chaton part en courses folles et se surexcite ? Voici comment lire la bascule et canaliser son énergie sans le gronder.,"cluster-chaton-jeu-chat, chaton-hyperactif-surexcite, surexcitation-chaton",articles/cluster-19-chaton-jeu-chat/chaton-hyperactif-surexcite.html,PROMPTS-IMAGES_CH19_chaton-jeu-chat.md,7,2
19,cluster-chaton-jeu-chat,SAT04,chaton-mord-mains-pieds,jeu-chaton,Le chaton qui attaque mains et pieds,Chaton qui attaque les mains et pieds,"Un chaton qui bondit sur les mains et les chevilles prend la peau pour une proie. Pourquoi, et comment rediriger sans jouer à la main.","Votre chaton attaque vos mains et vos chevilles ? Voici pourquoi, et comment lui apprendre à viser ses jouets, jamais la peau.","cluster-chaton-jeu-chat, chaton-mord-mains-pieds, jouer-a-la-main",articles/cluster-19-chaton-jeu-chat/chaton-mord-mains-pieds.html,PROMPTS-IMAGES_CH19_chaton-jeu-chat.md,7,2
19,cluster-chaton-jeu-chat,SAT03,chaton-mord-pourquoi,jeu-chaton,Pourquoi mon chaton mord : toutes les raisons,Pourquoi mon chaton mord : les raisons,"Jeu, dentition, surexcitation, caresse de trop ou peur : un chaton mord pour des raisons précises, et chacune a sa réponse.","Votre chaton vous mord et vous ne savez pas pourquoi ? Voici les vraies causes, du jeu à la douleur, et comment y répondre.","cluster-chaton-jeu-chat, chaton-mord-pourquoi, morsure-chaton",articles/cluster-19-chaton-jeu-chat/chaton-mord-pourquoi.html,PROMPTS-IMAGES_CH19_chaton-jeu-chat.md,8,2
19,cluster-chaton-jeu-chat,SAT06,chaton-perd-dents-lait,jeu-chaton,Le chaton perd ses dents de lait,Chaton : la chute des dents de lait,"Vers 4 à 7 mois, le chaton perd ses dents de lait. Où passent-elles, ce qui est normal, et la dent persistante à surveiller.","Votre chaton perd ses dents de lait ? C'est normal. Voici quand, où passent-elles, et le seul cas qui mérite le vétérinaire.","cluster-chaton-jeu-chat, chaton-perd-dents-lait, dents-de-lait-chaton",articles/cluster-19-chaton-jeu-chat/chaton-perd-dents-lait.html,PROMPTS-IMAGES_CH19_chaton-jeu-chat.md,4,2
19,cluster-chaton-jeu-chat,SAT11,chaton-reveille-nuit-jouer,jeu-chaton,Le chaton qui réveille la nuit pour jouer,Le chaton qui réveille la nuit pour jouer,"Séance de jeu du soir, repas, attention nocturne à ne pas renforcer : comment obtenir des nuits calmes avec un chaton qui vous réveille.","Votre chaton vous réveille la nuit pour jouer ? Voici le rituel du soir qui cale son énergie sur votre sommeil, sans le priver.","cluster-chaton-jeu-chat, chaton-reveille-nuit-jouer, nuits-chaton",articles/cluster-19-chaton-jeu-chat/chaton-reveille-nuit-jouer.html,PROMPTS-IMAGES_CH19_chaton-jeu-chat.md,5,2
19,cluster-chaton-jeu-chat,SAT12,erreurs-jeu-mordillements-chaton,jeu-chaton,Jeu et mordillements du chaton : les erreurs,Jeu du chaton : les erreurs à éviter,"Punir, jouer à la main, attendre que ça passe, le laser seul : les idées reçues sur le jeu et les morsures du chaton, corrigées.","Faut-il punir un chaton qui mord ? Non. Voici les idées reçues sur le jeu et les mordillements, démontées une à une.","cluster-chaton-jeu-chat, erreurs-jeu-mordillements-chaton, idees-recues-chaton",articles/cluster-19-chaton-jeu-chat/erreurs-jeu-mordillements-chaton.html,PROMPTS-IMAGES_CH19_chaton-jeu-chat.md,8,2
19,cluster-chaton-jeu-chat,SAT09,jeu-chasse-simulee-chaton,jeu-chaton,Comment jouer avec un chaton : la chasse simulée,Bien jouer avec un chaton : la chasse,"Faire fuir le leurre, respecter la séquence de chasse et finir sur une capture : comment mener une séance de jeu qui comble un chaton.","Votre chaton boude ses jouets ? Voici comment jouer comme une proie, de l'affût à la capture, pour vraiment le combler.","cluster-chaton-jeu-chat, jeu-chasse-simulee-chaton, chasse-simulee",articles/cluster-19-chaton-jeu-chat/jeu-chasse-simulee-chaton.html,PROMPTS-IMAGES_CH19_chaton-jeu-chat.md,6,2
19,cluster-chaton-jeu-chat,SAT08,jouets-adaptes-chaton,jeu-chaton,Bien choisir les jouets d'un chaton,Bien choisir les jouets d'un chaton,"Taille, matières, ficelles, pièces qui se détachent : comment choisir des jouets sûrs pour un chaton et éviter les accidents de jeu.",Quels jouets pour un chaton ? D'abord des jouets sûrs. Voici comment choisir la bonne taille et écarter les vrais dangers.,"cluster-chaton-jeu-chat, jouets-adaptes-chaton, jouets-securite-chaton",articles/cluster-19-chaton-jeu-chat/jouets-adaptes-chaton.html,PROMPTS-IMAGES_CH19_chaton-jeu-chat.md,7,2
19,cluster-chaton-jeu-chat,SAT07,soulager-dentition-chaton,jeu-chaton,Soulager la dentition du chaton,Soulager la poussée dentaire du chaton,"Jouets à mâcher, fraîcheur, maison sécurisée : comment soulager la poussée dentaire d'un chaton, sans jamais donner de médicament.","Votre chaton fait ses dents et mâchouille tout ? Voici comment le soulager en sécurité, et pourquoi ne jamais donner de médicament.","cluster-chaton-jeu-chat, soulager-dentition-chaton, poussee-dentaire-chaton",articles/cluster-19-chaton-jeu-chat/soulager-dentition-chaton.html,PROMPTS-IMAGES_CH19_chaton-jeu-chat.md,5,2
19,cluster-chaton-sante-chat,PILIER,sante-chaton,,La santé du chaton : le guide des premiers mois,La santé du chaton : le guide complet,"Première visite, vaccins, vermifuge, identification, stérilisation, signes d'alerte : toute la carte de la santé du chaton, au principe.","Vous accueillez un chaton et sa santé vous inquiète un peu. Voici la carte claire de ses premiers mois, étape par étape.","cluster-chaton-sante-chat, sante-chaton, soins-chaton",articles/cluster-19-chaton-sante-chat/sante-chaton.html,PROMPTS-IMAGES_CH19_chaton-sante-chat.md,16,3
19,cluster-chaton-sante-chat,SAT11,assurance-budget-sante-chaton,sante-chaton,Assurance et budget santé pour un chaton,Assurance et budget santé du chaton,"Comment fonctionne une assurance santé pour chat, ce qu'il faut vérifier avant de souscrire et comment anticiper le budget santé du chaton.","Combien prévoir pour la santé de votre chaton, et faut-il l'assurer ? Voici les repères neutres pour décider en connaissance de cause.","cluster-chaton-sante-chat, assurance-chat, budget-sante-chaton",articles/cluster-19-chaton-sante-chat/assurance-budget-sante-chaton.html,PROMPTS-IMAGES_CH19_chaton-sante-chat.md,4,2
19,cluster-chaton-sante-chat,SAT09,diarrhee-vomissements-chaton,sante-chaton,Diarrhée et vomissements du chaton : que faire,Chaton : la diarrhée et les vomissements,"Pourquoi la diarrhée et les vomissements sont plus sérieux chez un chaton, quand consulter vite et pourquoi ne jamais traiter soi-même.",Votre chaton a la diarrhée ou vomit et vous ne savez pas quoi faire. Voici quand consulter et ce qu'il ne faut surtout pas faire.,"cluster-chaton-sante-chat, diarrhee-chaton, vomissements-chaton",articles/cluster-19-chaton-sante-chat/diarrhee-vomissements-chaton.html,PROMPTS-IMAGES_CH19_chaton-sante-chat.md,5,2
19,cluster-chaton-sante-chat,SAT12,erreurs-sante-chaton,sante-chaton,Santé du chaton : les erreurs à éviter,Santé du chaton : les erreurs à éviter,"Les erreurs de santé fréquentes avec un chaton, de l'automédication dangereuse aux idées reçues, démontées une à une en mythe et réalité.","Certaines erreurs de santé partent d'une bonne intention. Voici les pièges à éviter avec votre chaton, à commencer par l'automédication.","cluster-chaton-sante-chat, erreurs-chaton, automedication-chat",articles/cluster-19-chaton-sante-chat/erreurs-sante-chaton.html,PROMPTS-IMAGES_CH19_chaton-sante-chat.md,5,2
19,cluster-chaton-sante-chat,SAT06,identification-puce-chaton,sante-chaton,"L'identification du chaton : puce, obligation et démarches",Identifier son chaton : puce et loi,"Ce qu'est l'identification du chaton, son obligation légale en France, la puce électronique, le fichier I-CAD et les démarches à connaître.","L'identification de votre chaton est obligatoire. Voici ce que dit la loi, comment ça se passe et les démarches à ne pas oublier.","cluster-chaton-sante-chat, identification-chaton, puce-electronique-chat",articles/cluster-19-chaton-sante-chat/identification-puce-chaton.html,PROMPTS-IMAGES_CH19_chaton-sante-chat.md,3,2
19,cluster-chaton-sante-chat,SAT05,puces-tiques-chaton-antiparasitaires,sante-chaton,"Puces, tiques et antiparasitaires chez le chaton",Puces et tiques du chaton : protéger,"Comment protéger un chaton des puces et des tiques, et la règle de sécurité à connaître : jamais un produit pour chien sur un chat.","Puces et tiques guettent aussi les chatons. Voici comment le protéger sans danger, avec le bon produit choisi par le vétérinaire.","cluster-chaton-sante-chat, puces-tiques-chaton, antiparasitaire-chat",articles/cluster-19-chaton-sante-chat/puces-tiques-chaton-antiparasitaires.html,PROMPTS-IMAGES_CH19_chaton-sante-chat.md,4,2
19,cluster-chaton-sante-chat,SAT08,signes-maladie-urgence-chaton,sante-chaton,Reconnaître les signes de maladie et les urgences chez le chaton,Chaton malade : les signes qui alertent,"Les signes de maladie du chaton, la différence entre consulter vite et l'urgence, et le réflexe qui prime : orienter, jamais soigner seul.",Comment savoir si votre chaton doit voir le vétérinaire vite ? Voici les signes qui alertent et ceux qui imposent l'urgence.,"cluster-chaton-sante-chat, chaton-malade, urgence-chaton",articles/cluster-19-chaton-sante-chat/signes-maladie-urgence-chaton.html,PROMPTS-IMAGES_CH19_chaton-sante-chat.md,4,2
19,cluster-chaton-sante-chat,SAT10,soins-hygiene-chaton,sante-chaton,"Les soins d'hygiène du chaton : yeux, oreilles, griffes",Soins d'hygiène du chaton : les gestes,"Les premiers gestes d'hygiène du chaton pour les yeux, les oreilles et les griffes, par l'habituation douce, et ce qui doit faire consulter.","Yeux, oreilles, griffes : voici les premiers gestes d'hygiène à apprendre à votre chaton en douceur, sans jamais le brusquer.","cluster-chaton-sante-chat, hygiene-chaton, soins-chaton",articles/cluster-19-chaton-sante-chat/soins-hygiene-chaton.html,PROMPTS-IMAGES_CH19_chaton-sante-chat.md,5,2
19,cluster-chaton-sante-chat,SAT07,sterilisation-chaton,sante-chaton,La stérilisation du chaton : s'informer sereinement,Stériliser son chaton : bien s'informer,"Les bénéfices reconnus de la stérilisation, la question de l'âge sans idée tranchée et le déroulé rassurant, à décider avec le vétérinaire.",Vous vous interrogez sur la stérilisation de votre chaton. Voici une information équilibrée pour en parler sereinement au vétérinaire.,"cluster-chaton-sante-chat, sterilisation-chaton, castration-chat",articles/cluster-19-chaton-sante-chat/sterilisation-chaton.html,PROMPTS-IMAGES_CH19_chaton-sante-chat.md,3,2
19,cluster-chaton-sante-chat,SAT03,vaccins-chaton-calendrier,sante-chaton,Les vaccins du chaton : à quoi ils servent,Les vaccins du chaton : le guide clair,"À quoi servent les vaccins du chaton, le principe de la primovaccination et des rappels, et pourquoi le calendrier revient au vétérinaire.","Les vaccins de votre chaton vous laissent perplexe. Voici à quoi ils servent et comment la protection se construit, sans jargon.","cluster-chaton-sante-chat, vaccins-chaton, primovaccination-chat",articles/cluster-19-chaton-sante-chat/vaccins-chaton-calendrier.html,PROMPTS-IMAGES_CH19_chaton-sante-chat.md,5,2
19,cluster-chaton-sante-chat,SAT04,vermifuge-chaton,sante-chaton,Vermifuger son chaton : pourquoi et à quel rythme,"Vermifuger son chaton : quand, pourquoi","Pourquoi les chatons sont souvent porteurs de vers, l'enjeu pour la famille et le principe d'une vermifugation régulière, sans posologie.","Faut-il vermifuger votre chaton, et à quel rythme ? Voici le pourquoi et le principe, à caler avec votre vétérinaire.","cluster-chaton-sante-chat, vermifuge-chaton, parasites-chaton",articles/cluster-19-chaton-sante-chat/vermifuge-chaton.html,PROMPTS-IMAGES_CH19_chaton-sante-chat.md,4,2
19,cluster-chaton-alimentation-chat,SAT07,biberonnage-chaton-orphelin,alimentation-chaton,Chaton orphelin : l'urgence et les bons gestes,Chaton orphelin : réagir dans l'urgence,"Un chaton orphelin est une urgence : réchauffer sans nourrir, jamais de lait de vache, et appeler vite un vétérinaire ou une association.","Vous avez trouvé un chaton orphelin ? Voici les gestes d'urgence et surtout qui appeler, sans jamais improviser le nourrissage.","cluster-chaton-alimentation-chat, chaton-orphelin, biberonnage-chaton",articles/cluster-19-chaton-alimentation-chat/biberonnage-chaton-orphelin.html,PROMPTS-IMAGES_CH19_chaton-alimentation-chat.md,4,2
19,cluster-chaton-alimentation-chat,SAT09,chaton-ne-mange-pas,alimentation-chaton,Le chaton qui ne mange pas : une urgence,Le chaton qui ne mange pas : réagir,"Un chaton qui cesse de manger se déshydrate en quelques heures. Le point de bascule, les signes d'urgence et quand appeler le vétérinaire.","Votre chaton refuse de manger ? Chez un si jeune animal, on ne temporise pas. Voici quand appeler le vétérinaire, sans attendre.","cluster-chaton-alimentation-chat, chaton-ne-mange-pas, chaton-anorexie",articles/cluster-19-chaton-alimentation-chat/chaton-ne-mange-pas.html,PROMPTS-IMAGES_CH19_chaton-alimentation-chat.md,5,2
19,cluster-chaton-alimentation-chat,SAT03,combien-nourrir-chaton-quantite,alimentation-chaton,Combien nourrir un chaton : la juste quantité,Combien nourrir un chaton chaque jour,"La bonne quantité pour un chaton se lit sur sa silhouette, pas sur un tableau. Repères souples, état corporel et rôle du vétérinaire.","Vous doutez de la quantité à donner ? Voici comment la régler sur le corps de votre chaton, sans balance ni tableau.","cluster-chaton-alimentation-chat, quantite-nourriture-chaton, ration-chaton",articles/cluster-19-chaton-alimentation-chat/combien-nourrir-chaton-quantite.html,PROMPTS-IMAGES_CH19_chaton-alimentation-chat.md,9,2
19,cluster-chaton-alimentation-chat,SAT11,croissance-poids-chaton,alimentation-chaton,La croissance et le poids du chaton,La croissance et le poids du chaton,"La croissance d'un chaton se juge à sa régularité et à son état corporel, pas à un barème poids-âge. Suivi, repères et signaux d'alerte.","Votre chaton pèse-t-il le bon poids ? Voici comment suivre sa croissance sans tableau, en lisant sa silhouette.","cluster-chaton-alimentation-chat, croissance-chaton, poids-chaton",articles/cluster-19-chaton-alimentation-chat/croissance-poids-chaton.html,PROMPTS-IMAGES_CH19_chaton-alimentation-chat.md,8,2
19,cluster-chaton-alimentation-chat,SAT02,croquettes-ou-patee-chaton,alimentation-chaton,Croquettes ou pâtée pour un chaton,Croquettes ou pâtée pour son chaton,"Humide ou sec pour un chaton ? Les deux conviennent s'ils sont formulés pour la croissance. Atouts, précautions et comment les associer.","Croquettes ou pâtée pour votre chaton ? Les deux, souvent. Voici comment choisir sans vous tromper de camp.","cluster-chaton-alimentation-chat, croquettes-chaton, patee-chaton",articles/cluster-19-chaton-alimentation-chat/croquettes-ou-patee-chaton.html,PROMPTS-IMAGES_CH19_chaton-alimentation-chat.md,9,2
19,cluster-chaton-alimentation-chat,SAT10,eau-hydratation-chaton,alimentation-chaton,L'eau et l'hydratation du chaton,Aider un chaton à boire : hydratation,"Aider un chaton à boire assez : eau fraîche à volonté, à l'écart de la gamelle, plusieurs points d'eau, et les signes de déshydratation.","Votre chaton semble ne jamais boire ? Voici comment l'aider à s'hydrater, et repérer une déshydratation à temps.","cluster-chaton-alimentation-chat, hydratation-chaton, eau-chaton",articles/cluster-19-chaton-alimentation-chat/eau-hydratation-chaton.html,PROMPTS-IMAGES_CH19_chaton-alimentation-chat.md,4,2
19,cluster-chaton-alimentation-chat,SAT12,erreurs-alimentation-chaton,alimentation-chaton,Les erreurs d'alimentation du chaton,Les erreurs d'alimentation du chaton,"Lait, restes de table, aliment adulte trop tôt, gavage : les idées reçues sur l'alimentation du chaton, démontées une à une.","Lait, restes de table, gavage : votre chaton en pâtit peut-être. Voici les erreurs d'alimentation les plus courantes, corrigées.","cluster-chaton-alimentation-chat, erreurs-alimentation-chaton, idees-recues-chaton",articles/cluster-19-chaton-alimentation-chat/erreurs-alimentation-chaton.html,PROMPTS-IMAGES_CH19_chaton-alimentation-chat.md,8,2
19,cluster-chaton-alimentation-chat,SAT04,frequence-repas-chaton,alimentation-chaton,La fréquence des repas du chaton,Combien de repas par jour pour un chaton,"Un chaton mange souvent, en petits repas qu'on espace en grandissant. Repères de rythme, libre-service et routine, sans nombre figé.","Combien de repas par jour pour votre chaton ? Voici le rythme à adopter, du tout-petit à l'approche de l'âge adulte.","cluster-chaton-alimentation-chat, frequence-repas-chaton, rythme-repas-chaton",articles/cluster-19-chaton-alimentation-chat/frequence-repas-chaton.html,PROMPTS-IMAGES_CH19_chaton-alimentation-chat.md,6,2
19,cluster-chaton-alimentation-chat,SAT08,lait-vache-danger-chaton,alimentation-chaton,Le lait de vache et le chaton : pourquoi l'éviter,Lait de vache : danger pour le chaton,"Après le sevrage, le chaton digère mal le lactose : le lait de vache provoque des diarrhées et ne le nourrit pas. Quoi donner à la place.","Une soucoupe de lait pour votre chaton ? Mauvaise idée. Voici pourquoi le lait de vache est à proscrire, et quoi donner à la place.","cluster-chaton-alimentation-chat, lait-vache-chaton, lactose-chaton",articles/cluster-19-chaton-alimentation-chat/lait-vache-danger-chaton.html,PROMPTS-IMAGES_CH19_chaton-alimentation-chat.md,6,2
19,cluster-chaton-alimentation-chat,SAT01,quel-aliment-chaton-choisir,alimentation-chaton,Quel aliment choisir pour un chaton,Quel aliment choisir pour un chaton,"Croissance et complet : les deux mentions à vérifier sur un paquet pour bien choisir l'aliment d'un chaton, sans se fier au prix.",Perdu devant le rayon ? Voici les deux mots à repérer sur un paquet pour choisir un aliment adapté à votre chaton.,"cluster-chaton-alimentation-chat, aliment-croissance-chaton, choisir-aliment-chaton",articles/cluster-19-chaton-alimentation-chat/quel-aliment-chaton-choisir.html,PROMPTS-IMAGES_CH19_chaton-alimentation-chat.md,9,2
19,cluster-chaton-alimentation-chat,SAT06,sevrage-chaton,alimentation-chaton,Le sevrage du chaton : étapes et repères,Le sevrage du chaton : âge et étapes,"Du lait au solide : à quel âge et comment se déroule le sevrage d'un chaton, pourquoi ne pas le précipiter ni séparer trop tôt de la mère.","Comment se passe le sevrage d'un chaton ? Voici les étapes, l'âge et pourquoi il ne faut jamais le brusquer.","cluster-chaton-alimentation-chat, sevrage-chaton, sevrage-du-chaton",articles/cluster-19-chaton-alimentation-chat/sevrage-chaton.html,PROMPTS-IMAGES_CH19_chaton-alimentation-chat.md,5,2
19,cluster-chaton-alimentation-chat,SAT05,transition-alimentaire-chaton,alimentation-chaton,"La transition alimentaire du chaton, en douceur",La transition alimentaire du chaton,"Changer l'aliment d'un chaton sans le rendre malade : la méthode progressive, de l'éleveur à la maison puis vers l'aliment adulte.","Vous changez l'alimentation de votre chaton ? Voici comment le faire en douceur, sans diarrhée ni fausse manœuvre.","cluster-chaton-alimentation-chat, transition-alimentaire-chaton, changer-aliment-chaton",articles/cluster-19-chaton-alimentation-chat/transition-alimentaire-chaton.html,PROMPTS-IMAGES_CH19_chaton-alimentation-chat.md,7,2
